seq,capture_us,ready_ns,now_vsync_last_ns,period_ns,deadline_ns
10,7895135435,94511378268445,94511376046972,8333456,6000000
11,7895142166,94511381218601,94511376046972,8333456,6000000
12,7895150500,94511384394538,94511376046972,8333456,6000000
13,7895158833,94511387175945,94511384380547,8333463,6000000
14,7895167166,94511390514695,94511384380547,8333463,6000000
15,7895175500,94511395167663,94511392714122,8333470,6000000
16,7895183833,94511397690788,94511392714122,8333470,6000000
17,7895192166,94511401197038,94511392714122,8333470,6000000
18,7895200500,94511404245163,94511401043551,8333217,6000000
19,7895208833,94511407614695,94511401043551,8333217,6000000
20,7895217166,94511410191882,94511401043551,8333217,6000000
21,7895225500,94511422901882,94511417706328,8332987,6000000
22,7895233833,94511425576101,94511417706328,8332987,6000000
23,7895242166,94511442130788,94511434369638,8332830,6000000
24,7895250500,94511444716882,94511442702394,8332825,6000000
25,7895258833,94511459917351,94511451035347,8332833,6000000
26,7895267166,94511462535320,94511459366484,8332727,6000000
27,7895275500,94511466801257,94511459366484,8332727,6000000
28,7895283833,94511483031570,94511476031713,8332712,6000000
29,7895292166,94511485709226,94511484364495,8332716,6000000
30,7895300500,94511495190476,94511492697277,8332720,6000000
31,7895308833,94511499807507,94511492697277,8332720,6000000
32,7895317166,94511508826257,94511501028182,8332606,6000000
33,7895325500,94511518486101,94511517694132,8332651,6000000
34,7895333833,94511527442351,94511526025855,8332593,6000000
35,7895342166,94511532132976,94511526025855,8332593,6000000
36,7895350500,94511542842820,94511534369004,8333252,6000000
37,7895358833,94511550561882,94511542701277,8333190,6000000
38,7895367166,94511561407976,94511559367432,8333174,6000000
39,7895375500,94511567414070,94511559367432,8333174,6000000
40,7895383833,94511574841257,94511567700727,8333181,6000000
41,7895392166,94511585202038,94511576033281,8333141,6000000
42,7895400500,94511591226101,94511584366203,8333127,6000000
43,7895408833,94511599162507,94511592699387,8333130,6000000
44,7895417166,94511608597976,94511601033113,8333167,6000000
45,7895425500,94511616616570,94511609366846,8333202,6000000
46,7895433833,94511627287038,94511626033298,8333204,6000000
47,7895442166,94511633286882,94511626033298,8333204,6000000
48,7895450500,94511640792195,94511634366517,8333204,6000000
49,7895458833,94511650572351,94511642700604,8333259,6000000
50,7895467166,94511658826726,94511651033738,8333251,6000000
51,7895475500,94511669243913,94511667699782,8333222,6000000
52,7895483833,94511673782820,94511667699782,8333222,6000000
53,7895492166,94511683796257,94511676033651,8333262,6000000
54,7895500500,94511691676726,94511684366505,8333236,6000000
55,7895508833,94511701296257,94511692698630,8333166,6000000
56,7895517166,94511710251101,94511701032572,8333214,6000000
57,7895525500,94511714987195,94511709365388,8333189,6000000
58,7895533833,94511725234226,94511717698076,8333157,6000000
59,7895542166,94511734619382,94511726031446,8333170,6000000
60,7895550500,94511743359695,94511734364501,8333162,6000000
61,7895558833,94511747966101,94511742697913,8333177,6000000
62,7895567166,94511758535632,94511751031267,8333188,6000000
63,7895575500,94511766717507,94511759363477,8333126,6000000
64,7895583833,94511776386882,94511767697231,8333165,6000000
65,7895592166,94511785209851,94511776031084,8333208,6000000
66,7895600500,94511790012820,94511784364054,8333193,6000000
67,7895608833,94511799807195,94511792696698,8333158,6000000
68,7895617166,94511810458132,94511801030868,8333221,6000000
69,7895625500,94511816366570,94511809364454,8333243,6000000
70,7895633833,94511823903132,94511817697503,8333230,6000000
71,7895642166,94511833443445,94511826030142,8333193,6000000
72,7895650500,94511842199851,94511834363272,8333189,6000000
73,7895658833,94511846903132,94511842696451,8333188,6000000
74,7895667166,94511860227507,94511851029111,8333155,6000000
75,7895675500,94511866103132,94511859362288,8333156,6000000
76,7895683833,94511875422507,94511867696032,8333192,6000000
77,7895692166,94511884297820,94511876029147,8333187,6000000
78,7895700500,94511890062976,94511884361645,8333143,6000000
79,7895708833,94511899739538,94511892694413,8333119,6000000
80,7895717166,94511908133757,94511901027322,8333105,6000000
81,7895725500,94511918214226,94511909360909,8333135,6000000
82,7895733833,94511923770632,94511917694298,8333150,6000000
83,7895742166,94511936411882,94511934360552,8333147,6000000
84,7895750500,94511942717038,94511934360552,8333147,6000000
85,7895758833,94511950044538,94511942693912,8333160,6000000
86,7895767166,94511959212195,94511951027325,8333175,6000000
87,7895775500,94511965730163,94511959359682,8333123,6000000
88,7895783833,94511978260632,94511976027987,8333246,6000000
89,7895792166,94511984410476,94511976027987,8333246,6000000
90,7895800500,94511991957351,94511984360701,8333212,6000000
91,7895808833,94512001639382,94511992693945,8333214,6000000
92,7895817166,94512009818757,94512001026953,8333201,6000000
93,7895825500,94512020482976,94512017693707,8333219,6000000
94,7895833833,94512026925320,94512017693707,8333219,6000000
95,7895842166,94512034273132,94512026033648,8333639,6000000
96,7895850500,94512043817507,94512034367107,8333627,6000000
97,7895858833,94512052452507,94512051033282,8333559,6000000
98,7895867166,94512056946570,94512051033282,8333559,6000000
99,7895875500,94512067660007,94512059365597,8333481,6000000
100,7895883833,94512075583757,94512067697937,8333409,6000000
101,7895900500,94512092241570,94512084362656,8333280,6000000
102,7896017166,94512207647195,94512201026520,8333226,6000000
103,7896033833,94512223765945,94512217692978,8333226,6000000
104,7896075500,94512267471257,94512259357503,8333136,6000000
105,7896117166,94512307483913,94512301023824,8333169,6000000
106,7896333833,94512531754695,94512526019426,8333168,6000000
107,7896458833,94512656512976,94512651019489,8333247,6000000
108,7896558833,94512755051726,94512751020712,8333326,6000000
109,7896675500,94512868726882,94512859349700,8333159,6000000
110,7896892166,94513088356257,94513084360692,8333446,6000000
111,7897000500,94513197302507,94513192692939,8333340,6000000
112,7897008833,94513201738757,94513192692939,8333340,6000000
113,7897133833,94513330978913,94513326027440,8333363,6000000
114,7897300500,94513499480945,94513492687696,8333190,6000000
115,7897350500,94513547269695,94513542685917,8333136,6000000
116,7897467166,94513661593132,94513659352029,8333224,6000000
117,7897583833,94513783902038,94513776017277,8333230,6000000
118,7897683833,94513881115788,94513876014383,8333173,6000000
317,7919942166,94536135943913,94536134082874,8334742,6000000
318,7920067166,94536257897351,94536250702271,8330192,6000000
319,7920075500,94536267382195,94536259036051,8330416,6000000
320,7920942166,94537132975945,94537125659017,8332905,6000000
321,7921033833,94537222961413,94537217294164,8331875,6000000
322,7921142166,94537331563601,94537325684627,8334553,6000000
323,7921942166,94538136218132,94538134006944,8333180,6000000
324,7921992166,94538183780007,94538175668004,8332929,6000000
325,7922317166,94538507993288,94538500666600,8333198,6000000
328,7923492166,94539691675007,94539683976879,8332928,6000000
329,7923908833,94540105725320,94540100701288,8334221,6000000
330,7923942166,94540141688757,94540134038216,8334221,6000000
331,7924708833,94540903332507,94540900634167,8333107,6000000
332,7924875500,94541071374695,94541067284627,8332834,6000000
333,7924942166,94541139828757,94541133971075,8334054,6000000
334,7925350500,94541546023757,94541542318783,8333419,6000000
335,7925358833,94541564461570,94541558973348,8332689,6000000
336,7925367166,94541567559851,94541567301752,8332421,6000000
337,7925375500,94541571501413,94541567301752,8332421,6000000
338,7925392166,94541591261257,94541592306358,8332869,6000000
339,7925400500,94541593538132,94541592306358,8332869,6000000
340,7925408833,94541597771726,94541592306358,8332869,6000000
341,7925417166,94541610010007,94541608973549,8332976,6000000
342,7925425500,94541613150788,94541608973549,8332976,6000000
343,7925433833,94541623637195,94541625630608,8332452,6000000
344,7925442166,94541631931257,94541625630608,8332452,6000000
345,7925450500,94541643516101,94541642295968,8332480,6000000
346,7925458833,94541647262351,94541642295968,8332480,6000000
347,7925467166,94541657778601,94541650628538,8332485,6000000
348,7925475500,94541664977507,94541658961435,8332510,6000000
349,7925483833,94541669312976,94541667293450,8332479,6000000
350,7925492166,94541679871257,94541675622796,8332283,6000000
351,7925508833,94541701101570,94541692288836,8332382,6000000
352,7925517166,94541705628288,94541700616894,8332111,6000000
353,7925525500,94541716429226,94541708950237,8332188,6000000
354,7925533833,94541724259538,94541717282639,8332201,6000000
355,7925542166,94541733854070,94541725617426,8332362,6000000
356,7925550500,94541738841726,94541733953624,8332601,6000000
357,7925558833,94541745910163,94541742298072,8333341,6000000
358,7925567166,94541754096101,94541750629812,8333240,6000000
359,7925575500,94541762911882,94541758962030,8333176,6000000
360,7925583833,94541767581257,94541758962030,8333176,6000000
361,7925592166,94541778296257,94541775628356,8333173,6000000
362,7925600500,94541786811570,94541783962540,8333236,6000000
363,7925608833,94541796160945,94541792294515,8333157,6000000
364,7925617166,94541804760163,94541800627611,8333153,6000000
365,7925625500,94541815075945,94541808959067,8333046,6000000
366,7925633833,94541822219070,94541817292034,8333041,6000000
367,7925642166,94541830212976,94541825624345,8332995,6000000
368,7925650500,94541838565632,94541833956177,8332922,6000000
369,7925658833,94541846536882,94541842287595,8332828,6000000
370,7925667166,94541856145788,94541850620928,8332859,6000000
371,7925675500,94541864699538,94541858951571,8332720,6000000
372,7925683833,94541875038913,94541875617220,8332730,6000000
373,7925692166,94541881013445,94541875617220,8332730,6000000
374,7925700500,94541889303132,94541883950636,8332772,6000000
375,7925708833,94541902705788,94541900615562,8332733,6000000
376,7925717166,94541907291570,94541900615562,8332733,6000000
377,7925725500,94541916273757,94541917286998,8333096,6000000
378,7925733833,94541927300320,94541925619257,8333043,6000000
379,7925742166,94541931130945,94541925619257,8333043,6000000
380,7925750500,94541940395632,94541942285337,8333043,6000000
381,7925758833,94541950059226,94541950618881,8333074,6000000
382,7925767166,94541963682663,94541958952397,8333101,6000000
383,7925775500,94541966411726,94541967284453,8333035,6000000
384,7925783833,94541974463288,94541975617384,8333028,6000000
385,7925792166,94541978511101,94541975617384,8333028,6000000
386,7925800500,94541987915320,94541983951356,8333087,6000000
387,7925808833,94541997889382,94541992285139,8333130,6000000
388,7925817166,94542006919226,94542000618882,8333168,6000000
389,7925825500,94542013084851,94542008952402,8333190,6000000
390,7925833833,94542021985788,94542017284514,8333122,6000000
391,7925842166,94542028040632,94542025617713,8333126,6000000
392,7925850500,94542036337351,94542033951209,8333149,6000000
393,7925858833,94542044753913,94542042298880,8334056,6000000
394,7925867166,94542054032663,94542050631726,8333980,6000000
395,7925875500,94542060964070,94542058964429,8333900,6000000
396,7925883833,94542069416726,94542067296287,8333772,6000000
397,7925892166,94542077729382,94542075628380,8333667,6000000
398,7925900500,94542087289070,94542083959516,8333508,6000000
399,7925908833,94542096359070,94542092295703,8333675,6000000
400,7925917166,94542106055945,94542100627709,8333570,6000000
401,7925925500,94542112062507,94542108959888,8333483,6000000
402,7925933833,94542119655632,94542117292089,8333402,6000000
403,7925942166,94542129199070,94542125623570,8333281,6000000
404,7925950500,94542138045476,94542133954760,8333150,6000000
405,7925958833,94542147389695,94542142286241,8333045,6000000
406,7925967166,94542155931257,94542150618639,8333004,6000000
407,7925975500,94542160403757,94542158949519,8332871,6000000
408,7925983833,94542171147663,94542167281293,8332802,6000000
409,7925992166,94542188829538,94542183943574,8332597,6000000
410,7926000500,94542190729695,94542192276198,8332598,6000000
411,7926008833,94542193827507,94542192276198,8332598,6000000
412,7926017166,94542203827195,94542200607481,8332515,6000000
413,7926025500,94542213156570,94542208948899,8333071,6000000
414,7926033833,94542222267976,94542217282368,8333095,6000000
415,7926042166,94542226318132,94542225614462,8333032,6000000
416,7926050500,94542236485320,94542233947968,8333061,6000000
417,7926058833,94542246103913,94542242280587,8333033,6000000
418,7926067166,94542255046257,94542250612674,8332973,6000000
419,7926075500,94542259700788,94542258947947,8333116,6000000
420,7926083833,94542270308913,94542267281034,8333114,6000000
421,7926092166,94542279294695,94542275614628,8333144,6000000
422,7926100500,94542287655788,94542283948237,8333173,6000000
423,7926108833,94542298225007,94542292281325,8333167,6000000
424,7926117166,94542304177195,94542300615048,8333201,6000000
425,7926125500,94542312117507,94542308948890,8333241,6000000
426,7926133833,94542321305320,94542317282807,8333283,6000000
427,7926142166,94542329909538,94542325615491,8333245,6000000
428,7926150500,94542334561413,94542333947887,8333191,6000000
429,7926158833,94542344465163,94542342281617,8333224,6000000
430,7926167166,94542354157351,94542350613642,8333149,6000000
431,7926175500,94542362609382,94542358947310,8333181,6000000
432,7926183833,94542372073913,94542367280198,8333162,6000000
433,7926192166,94542379697976,94542375613473,8333169,6000000
434,7926200500,94542387286413,94542383947222,8333205,6000000
435,7926208833,94542396246257,94542392280056,8333181,6000000
436,7926217166,94542404590945,94542400614232,8333243,6000000
437,7926225500,94542414147195,94542408947781,8333262,6000000
438,7926233833,94542422792351,94542417281457,8333287,6000000
439,7926242166,94542428691570,94542425613554,8333212,6000000
440,7926950500,94543143116882,94543133932687,8333162,6000000
441,7927500500,94543693382663,94543683917612,8333125,6000000
442,7927950500,94544143371101,94544133927374,8333271,6000000
443,7928550500,94544739036882,94544733921978,8333251,6000000
444,7928950500,94545146574226,94545142248774,8333228,6000000
445,7929017166,94545208080476,94545208914313,8333221,6000000
446,7929025500,94545213766882,94545208914313,8333221,6000000
447,7929033833,94545222271570,94545217247555,8333222,6000000
448,7929042166,94545228292663,94545225581199,8333248,6000000
449,7929050500,94545237367507,94545233913321,8333177,6000000
450,7929058833,94545246493913,94545242245608,8333121,6000000
451,7929067166,94545254737820,94545250578430,8333102,6000000
452,7929075500,94545261090788,94545258910812,8333057,6000000
453,7929083833,94545270376882,94545267244033,8333067,6000000
454,7929092166,94545278891101,94545275576959,8333058,6000000
455,7929100500,94545289406570,94545283909844,8333047,6000000
456,7929108833,94545297362507,94545292242970,8333051,6000000
457,7929117166,94545301915476,94545292242970,8333051,6000000
458,7929125500,94545312589695,94545308908551,8333020,6000000
459,7929142166,94545332599695,94545325574814,8333033,6000000
460,7929175500,94545367269226,94545358906254,8332989,6000000
461,7929183833,94545373193288,94545367236957,8332846,6000000
462,7929192166,94545377706413,94545375571163,8332931,6000000
463,7929200500,94545386893288,94545383905201,8333000,6000000
464,7929208833,94545396463757,94545392238588,8333024,6000000
465,7929217166,94545406068445,94545400571434,8333012,6000000
466,7929225500,94545412081882,94545408904767,8333032,6000000
467,7929233833,94545424256413,94545425570996,8333039,6000000
468,7929242166,94545430090945,94545425570996,8333039,6000000
469,7929250500,94545437617507,94545433905127,8333107,6000000
470,7929258833,94545444673913,94545442238177,8333103,6000000
471,7929267166,94545456450163,94545450571580,8333121,6000000
472,7929275500,94545462202820,94545458904598,8333114,6000000
473,7929283833,94545471601413,94545467237238,8333084,6000000
474,7929292166,94545480572038,94545475570304,8333082,6000000
475,7929300500,94545486714226,94545483903405,8333083,6000000
476,7929308833,94545495454226,94545492235567,8333025,6000000
477,7929317166,94545504255476,94545500568901,8333044,6000000
478,7929325500,94545513665632,94545508901509,8333016,6000000
479,7929333833,94545522343132,94545517235654,8333086,6000000
480,7929342166,94545528415007,94545525567935,8333035,6000000
481,7929350500,94545537633601,94545533901284,8333054,6000000
482,7929358833,94545545947195,94545542239983,8333406,6000000
483,7929367166,94545555754382,94545550572860,8333372,6000000
484,7929375500,94545564158601,94545558906473,8333387,6000000
485,7929383833,94545569920163,94545567239473,8333362,6000000
486,7929392166,94545579439695,94545575571291,8333265,6000000
487,7929400500,94545588750320,94545583904097,8333236,6000000
488,7929408833,94545597540945,94545592236611,8333190,6000000
489,7929417166,94545604293913,94545600570167,8333212,6000000
490,7929425500,94545612395632,94545608903241,8333203,6000000
491,7929433833,94545621521413,94545617237439,8333265,6000000
492,7929442166,94545630336413,94545625570175,8333231,6000000
493,7929450500,94545640081570,94545633903763,8333253,6000000
494,7929458833,94545646565788,94545642236980,8333250,6000000
495,7929467166,94545654541257,94545650570108,8333242,6000000
496,7929475500,94545662675007,94545658901805,8333145,6000000
497,7929483833,94545673646570,94545675566641,8333053,6000000
498,7929492166,94545679585632,94545675566641,8333053,6000000
499,7929500500,94545687666882,94545683899435,8333036,6000000
500,7929508833,94545696496726,94545692232215,8333020,6000000
501,7929533833,94545720115788,94545717235308,8333242,6000000
502,7929542166,94545729262195,94545725568638,8333247,6000000
503,7929550500,94545737301570,94545733900475,8333158,6000000
504,7929558833,94545748195945,94545742233458,8333147,6000000
505,7929567166,94545754235163,94545750565893,8333102,6000000
506,7929575500,94545762708445,94545758898955,8333099,6000000
507,7929583833,94545771208601,94545767232288,8333113,6000000
508,7929592166,94545779444226,94545775564539,8333059,6000000
509,7929600500,94545790156726,94545783898907,8333140,6000000
510,7929608833,94545796265007,94545792232738,8333183,6000000
511,7929617166,94545804437507,94545800566897,8333244,6000000
512,7929625500,94545812833288,94545808901849,8333350,6000000
513,7929633833,94545822785632,94545817235838,8333389,6000000
514,7929642166,94545831578445,94545825568426,8333338,6000000
515,7929650500,94545837320320,94545833901338,8333311,6000000
516,7929658833,94545846243288,94545842243195,8333845,6000000
517,7929667166,94545855268913,94545850575232,8333732,6000000
518,7929675500,94545861399851,94545858907113,8333616,6000000
519,7929683833,94545870240945,94545867239949,8333567,6000000
520,7929692166,94545879062038,94545875571719,8333454,6000000
521,7929700500,94545888460788,94545883904015,8333381,6000000
522,7929708833,94545897625788,94545892236134,8333302,6000000
523,7929717166,94545903917038,94545900567090,8333155,6000000
524,7929725500,94545912577038,94545908900090,8333145,6000000
525,7929733833,94545921416570,94545917232112,8333074,6000000
526,7929742166,94545930244226,94545925564040,8333002,6000000
527,7929750500,94545936195632,94545933895897,8332930,6000000
528,7929758833,94545945766570,94545942228508,8332910,6000000
529,7929767166,94545953836101,94545950560587,8332858,6000000
530,7929775500,94545963619538,94545958892175,8332778,6000000
531,7929783833,94545972496101,94545967225034,8332783,6000000
532,7929792166,94545978336413,94545975557228,8332746,6000000
533,7929800500,94545987271726,94545983890476,8332777,6000000
534,7929808833,94545996259695,94545992223107,8332767,6000000
535,7929817166,94546006204382,94546000562723,8333195,6000000
536,7929825500,94546012192976,94546008896919,8333257,6000000
537,7929833833,94546020115788,94546017230204,8333258,6000000
538,7929842166,94546029293757,94546025563537,8333262,6000000
539,7929850500,94546037402820,94546033896390,8333236,6000000
540,7929858833,94546047161882,94546042231136,8333330,6000000
541,7929867166,94546053724070,94546050563844,8333291,6000000
542,7929875500,94546061720320,94546058896464,8333249,6000000
543,7929883833,94546072394851,94546067229716,8333249,6000000
544,7929892166,94546078919070,94546075562401,8333213,6000000
545,7929900500,94546087151257,94546083896478,8333267,6000000
546,7929908833,94546095546101,94546092229568,8333255,6000000
547,7929917166,94546104324382,94546100562708,8333247,6000000
548,7929925500,94546114134851,94546108896756,8333297,6000000
549,7929933833,94546120176101,94546117230272,8333310,6000000
550,7929942166,94546127877038,94546125563310,8333293,6000000
551,7929950500,94546137339695,94546133894729,8333175,6000000
552,7929958833,94546145853288,94546142227808,8333169,6000000
553,7929967166,94546156410163,94546150560490,8333138,6000000
554,7929975500,94546162454538,94546158894182,8333172,6000000
555,7929983833,94546170130788,94546167227574,8333185,6000000
556,7929992166,94546179354538,94546175560378,8333161,6000000
557,7930000500,94546183893445,94546183893918,8333184,6000000
558,7930008833,94546194509695,94546192226116,8333122,6000000
559,7930017166,94546203220476,94546200559844,8333159,6000000
560,7930025500,94546212052351,94546208893804,8333209,6000000
561,7930033833,94546222409070,94546217227388,8333232,6000000
562,7930042166,94546228857976,94546225560149,8333202,6000000
563,7930050500,94546236444070,94546233893821,8333231,6000000
564,7930058833,94546245399226,94546242227667,8333269,6000000
565,7930067166,94546254235163,94546250560458,8333239,6000000
566,7930075500,94546262491570,94546258893756,8333242,6000000
567,7930083833,94546273271726,94546267227029,8333243,6000000
568,7930092166,94546279515163,94546275560573,8333261,6000000
569,7930100500,94546287100163,94546283893935,8333267,6000000
570,7930108833,94546296467976,94546292226894,8333247,6000000
571,7930117166,94546304473445,94546300559485,8333206,6000000
572,7930125500,94546315398601,94546317226657,8333250,6000000
573,7930133833,94546321523913,94546317226657,8333250,6000000
574,7930142166,94546329115632,94546325560077,8333260,6000000
575,7930150500,94546338391570,94546333893595,8333276,6000000
576,7930158833,94546347550320,94546342226583,8333258,6000000
577,7930167166,94546353355320,94546350558975,8333203,6000000
578,7930175500,94546362297507,94546358894087,8333322,6000000
579,7930183833,94546370867663,94546367227564,8333331,6000000
580,7930192166,94546380398757,94546375560287,8333293,6000000
581,7930200500,94546389248757,94546383893638,8333296,6000000
582,7930208833,94546395266257,94546392226007,8333238,6000000
583,7930217166,94546404551413,94546400559052,8333225,6000000
584,7930225500,94546413217351,94546408894648,8333373,6000000
585,7930233833,94546419547351,94546417227137,8333317,6000000
586,7930242166,94546428350320,94546425559541,8333259,6000000
587,7930250500,94546437576101,94546433892585,8333245,6000000
588,7930258833,94546446322976,94546442225743,8333239,6000000
589,7930267166,94546454455476,94546450558343,8333199,6000000
590,7930275500,94546464369851,94546458890126,8333110,6000000
591,7930283833,94546470994851,94546467223620,8333134,6000000
592,7930292166,94546478955788,94546475556751,8333133,6000000
593,7930300500,94546488407507,94546483890658,8333181,6000000
594,7930308833,94546497305007,94546492224416,8333217,6000000
595,7930317166,94546503159695,94546500557650,8333218,6000000
596,7930325500,94546512386570,94546508895211,8333489,6000000
597,7930333833,94546520470632,94546517227914,8333439,6000000
598,7930342166,94546531316570,94546525562406,8333504,6000000
599,7930350500,94546537569070,94546533895401,8333472,6000000
600,7930358833,94546545099226,94546542228194,8333429,6000000
601,7930367166,94546554485007,94546550560454,8333355,6000000
602,7930375500,94546562457351,94546558891962,8333239,6000000
603,7930383833,94546572048601,94546567224880,8333218,6000000
604,7930392166,94546579904851,94546575559427,8333301,6000000
605,7930400500,94546587415788,94546583892846,8333308,6000000
606,7930408833,94546595868601,94546592225640,8333275,6000000
607,7930417166,94546605487038,94546600558194,8333229,6000000
608,7930425500,94546614449695,94546608890513,8333172,6000000
609,7930433833,94546620534851,94546617223420,8333155,6000000
610,7930442166,94546629665007,94546625555621,8333095,6000000
611,7930450500,94546637939070,94546633887298,8333006,6000000
612,7930458833,94546647140163,94546642218686,8332904,6000000
613,7930467166,94546653845007,94546650551438,8332894,6000000
614,7930475500,94546662305945,94546658883523,8332843,6000000
615,7930483833,94546671742663,94546667216713,8332864,6000000
616,7930492166,94546679602195,94546675553005,8333078,6000000
617,7930500500,94546690524226,94546692220119,8333136,6000000
618,7930508833,94546696471726,94546692220119,8333136,6000000
619,7930517166,94546704274382,94546700553721,8333165,6000000
620,7930525500,94546712770476,94546708887372,8333195,6000000
621,7930533833,94546722299538,94546717219616,8333135,6000000
622,7930542166,94546731297976,94546725552880,8333143,6000000
623,7930550500,94546737362820,94546733886802,8333191,6000000
624,7930558833,94546746420788,94546742220139,8333200,6000000
625,7930567166,94546754484226,94546750554436,8333268,6000000
626,7930575500,94546765290945,94546767220664,8333246,6000000
627,7930583833,94546771014226,94546767220664,8333246,6000000
628,7930592166,94546778956413,94546775553924,8333246,6000000
629,7930600500,94546788446882,94546783887708,8333279,6000000
630,7930608833,94546797287976,94546792221988,8333341,6000000
631,7930617166,94546803230632,94546800554573,8333293,6000000
632,7930625500,94546812765945,94546808887439,8333266,6000000
633,7930633833,94546820729695,94546817221263,8333300,6000000
634,7930642166,94546830342507,94546825553817,8333253,6000000
635,7930650500,94546839187038,94546833887180,8333259,6000000
636,7930658833,94546845328288,94546842221292,8333312,6000000
637,7930667166,94546854405476,94546850554526,8333307,6000000
638,7930675500,94546862521101,94546858888052,8333320,6000000
639,7930683833,94546873403288,94546867220924,8333292,6000000
640,7930692166,94546879414226,94546875553709,8333260,6000000
641,7930700500,94546887111570,94546883886477,8333229,6000000
642,7930708833,94546896441257,94546892220315,8333267,6000000
643,7930717166,94546905262663,94546900553874,8333285,6000000
644,7930725500,94546911248757,94546908887022,8333276,6000000
645,7930733833,94546920266570,94546917220337,8333278,6000000
646,7930742166,94546928765476,94546925552658,8333218,6000000
647,7930750500,94546939209538,94546933885077,8333168,6000000
648,7930758833,94546945830163,94546942218512,8333184,6000000
649,7930767166,94546953732351,94546950551693,8333183,6000000
650,7930775500,94546961887820,94546958885191,8333202,6000000
651,7930950500,94547139334226,94547133882803,8333247,6000000
652,7931167166,94547364831257,94547358880533,8333239,6000000
653,7931225500,94547416172195,94547417215827,8333397,6000000
654,7931233833,94547420666101,94547417215827,8333397,6000000
655,7931242166,94547429757351,94547425549139,8333391,6000000
656,7931250500,94547440609070,94547442214463,8333303,6000000
657,7931258833,94547447294851,94547442214463,8333303,6000000
658,7931267166,94547454482976,94547450547096,8333261,6000000
659,7931275500,94547462539538,94547458879460,8333204,6000000
660,7931283833,94547473145163,94547467214550,8333321,6000000
661,7931292166,94547479089695,94547475548528,8333362,6000000
662,7931300500,94547487152038,94547483881526,8333339,6000000
663,7931308833,94547495455632,94547492214456,8333313,6000000
664,7931317166,94547505375788,94547500547344,8333286,6000000
665,7931325500,94547514405163,94547508880311,8333266,6000000
666,7931333833,94547519130945,94547517213006,8333230,6000000
667,7931950500,94548146089851,94548142206549,8333287,6000000
668,7932308833,94548499192820,94548500531062,8332909,6000000
669,7932317166,94548505133757,94548500531062,8332909,6000000
670,7932325500,94548512830476,94548508864288,8332928,6000000
671,7932333833,94548523611101,94548525531385,8332997,6000000
672,7932342166,94548530030788,94548525531385,8332997,6000000
673,7932350500,94548537383757,94548533864781,8333021,6000000
674,7932358833,94548545838288,94548542197952,8333030,6000000
675,7932367166,94548556229851,94548550530884,8333023,6000000
676,7932375500,94548562114226,94548558863393,8332990,6000000
677,7932383833,94548574431101,94548575529709,8333010,6000000
678,7932392166,94548580279695,94548575529709,8333010,6000000
679,7932400500,94548587819695,94548583862914,8333022,6000000
680,7932408833,94548598384695,94548592196198,8333038,6000000
681,7932417166,94548604121101,94548600529092,8333029,6000000
682,7932425500,94548612716882,94548608862491,8333052,6000000
683,7932433833,94548620538913,94548617196186,8333092,6000000
684,7932442166,94548630585007,94548625529462,8333103,6000000
685,7932450500,94548639588601,94548633862702,8333111,6000000
686,7932458833,94548645414382,94548642195930,8333118,6000000
687,7932467166,94548654520320,94548650529270,8333131,6000000
688,7932475500,94548662537976,94548658862573,8333141,6000000
689,7932483833,94548673316726,94548667195808,8333146,6000000
690,7932492166,94548679252507,94548675528029,8333088,6000000
691,7932500500,94548687570163,94548683861762,8333128,6000000
692,7932508833,94548695693445,94548692195400,8333159,6000000
693,7932517166,94548706566726,94548700528564,8333159,6000000
694,7932525500,94548712493132,94548708862310,8333195,6000000
695,7932533833,94548720192351,94548717195690,8333206,6000000
696,7932542166,94548729447195,94548725528437,8333177,6000000
697,7932550500,94548737794851,94548733862480,8333231,6000000
698,7932558833,94548748154070,94548742195880,8333241,6000000
699,7932567166,94548754288132,94548750529028,8333235,6000000
700,7932575500,94548762892351,94548758862326,8333238,6000000
701,7932583833,94548770563757,94548767194620,8333179,6000000
702,7932592166,94548781301570,94548775528025,8333193,6000000
703,7932600500,94548787292038,94548783861284,8333197,6000000
704,7932608833,94548794871257,94548792194308,8333186,6000000
705,7932617166,94548804468601,94548800527547,8333189,6000000
706,7932625500,94548812626570,94548808860404,8333168,6000000
707,7932633833,94548822461413,94548817192794,8333119,6000000
708,7932642166,94548828857976,94548825526700,8333168,6000000
709,7932650500,94548836971257,94548833859380,8333137,6000000
710,7932658833,94548846627663,94548842192396,8333129,6000000
711,7932667166,94548855650320,94548850525483,8333126,6000000
712,7932675500,94548861483757,94548858857696,8333068,6000000
713,7932683833,94548870525476,94548867189702,8333001,6000000
714,7932692166,94548878902976,94548875523061,8333023,6000000
715,7932700500,94548889348288,94548883855321,8332975,6000000
716,7932708833,94548895199382,94548892188593,8332993,6000000
717,7932717166,94548903033757,94548900522753,8333065,6000000
718,7932725500,94548912418445,94548908856618,8333115,6000000
719,7932733833,94548921016726,94548917189711,8333113,6000000
720,7932742166,94548930476101,94548925523885,8333179,6000000
721,7932750500,94548937724695,94548933857926,8333232,6000000
722,7932758833,94548945603757,94548942191723,8333267,6000000
723,7932950500,94549139514538,94549133854818,8333237,6000000
724,7933300500,94549492331726,94549492181185,8332875,6000000
725,7933308833,94549498357351,94549492181185,8332875,6000000
726,7933317166,94549502704851,94549500514360,8332893,6000000
727,7933325500,94549512076726,94549508851878,8333182,6000000
728,7933333833,94549521653132,94549517182162,8333000,6000000
729,7933342166,94549530665163,94549525516241,8333067,6000000
730,7933350500,94549536863601,94549533849868,8333102,6000000
731,7933358833,94549545243445,94549542182968,8333101,6000000
732,7933367166,94549553992507,94549550516229,8333111,6000000
733,7933375500,94549563408601,94549558849583,8333126,6000000
734,7933383833,94549572458288,94549567182753,8333128,6000000
735,7933392166,94549578658132,94549575515693,8333116,6000000
736,7933400500,94549587428132,94549583848808,8333115,6000000
737,7933408833,94549595915163,94549592181786,8333106,6000000
738,7933417166,94549606522976,94549600515061,8333116,6000000
739,7933425500,94549613038913,94549608848368,8333127,6000000
740,7933433833,94549620383601,94549617181146,8333105,6000000
741,7933442166,94549628971882,94549625514301,8333108,6000000
742,7933450500,94549639344070,94549633847771,8333130,6000000
743,7933458833,94549645298445,94549642181322,8333156,6000000
744,7933467166,94549653048601,94549650514488,8333156,6000000
745,7933475500,94549662754695,94549658848001,8333178,6000000
746,7933483833,94549670691257,94549667178846,8333032,6000000
747,7933492166,94549680459538,94549675512250,8333055,6000000
748,7933500500,94549689356726,94549683844681,8333016,6000000
749,7933508833,94549695135788,94549692178803,8333085,6000000
750,7933517166,94549705032507,94549700512780,8333140,6000000
751,7933525500,94549712549695,94549708846168,8333155,6000000
752,7933533833,94549723656101,94549725511788,8333113,6000000
753,7933542166,94549730120945,94549725511788,8333113,6000000
754,7933550500,94549740343913,94549742179726,8333215,6000000
755,7933558833,94549746255320,94549742179726,8333215,6000000
756,7933567166,94549756205476,94549750516057,8333409,6000000
757,7933575500,94549764433132,94549758851750,8333551,6000000
758,7933583833,94549770427663,94549767188948,8333778,6000000
759,7933592166,94549779607507,94549775521395,8333694,6000000
760,7933600500,94549787871570,94549783853624,8333602,6000000
761,7933608833,94549797376257,94549792186422,8333551,6000000
762,7933617166,94549806425163,94549800519089,8333495,6000000
763,7933625500,94549812237351,94549808852046,8333461,6000000
764,7933633833,94549821590320,94549817182924,8333299,6000000
765,7933642166,94549829707976,94549825516274,8333302,6000000
766,7933650500,94549840332820,94549842179884,8333117,6000000
767,7933658833,94549846429695,94549842179884,8333117,6000000
768,7933667166,94549854069695,94549850511173,8333002,6000000
769,7933675500,94549863467976,94549858842864,8332920,6000000
770,7933683833,94549871673132,94549867175756,8332918,6000000
771,7933692166,94549882263757,94549875510268,8333017,6000000
772,7933700500,94549888307820,94549883842192,8332948,6000000
773,7933708833,94549895691570,94549892173215,8332827,6000000
774,7933717166,94549906310476,94549900505576,8332797,6000000
775,7933725500,94549912264226,94549908838279,8332791,6000000
776,7933733833,94549920884226,94549917172081,8332854,6000000
777,7933742166,94549929271882,94549925506018,8332921,6000000
778,7933750500,94549937638132,94549933841228,8333064,6000000
779,7933758833,94549947438913,94549942175080,8333113,6000000
780,7933767166,94549953799070,94549950508958,8333160,6000000
781,7933775500,94549962100007,94549958842175,8333163,6000000
782,7933783833,94549971701726,94549967175865,8333195,6000000
783,7933792166,94549980352195,94549975508705,8333172,6000000
784,7933800500,94549986675945,94549983841173,8333128,6000000
785,7933808833,94549995619695,94549992174382,8333133,6000000
786,7933817166,94550004590163,94550000510775,8333336,6000000
787,7933825500,94550012835163,94550008846781,8333502,6000000
788,7933833833,94550023447663,94550025509897,8333268,6000000
789,7933842166,94550029441882,94550025509897,8333268,6000000
790,7933850500,94550037345945,94550033843489,8333288,6000000
791,7933917166,94550102759382,94550100508623,8333193,6000000
792,7933925500,94550112310788,94550108842516,8333236,6000000
793,7933933833,94550121576257,94550117175622,8333227,6000000
794,7933942166,94550127451413,94550125508086,8333179,6000000
795,7933950500,94550136904226,94550133841100,8333168,6000000
796,7933958833,94550145284851,94550142173402,8333113,6000000
797,7933967166,94550154935788,94550150505142,8333027,6000000
798,7933975500,94550163669382,94550158837889,8333009,6000000
799,7933983833,94550168231726,94550167172341,8333099,6000000
800,7933992166,94550178168132,94550175507694,8333239,6000000
801,7934475500,94550669180007,94550667178999,8333465,6000000
802,7934483833,94550675465320,94550675512388,8333460,6000000
803,7934492166,94550684711726,94550683842033,8333221,6000000
804,7934500500,94550689669226,94550683842033,8333221,6000000
805,7934508833,94550698085320,94550692172298,8333036,6000000
806,7934517166,94550707987351,94550708836691,8332933,6000000
807,7934525500,94550715943601,94550717168900,8332887,6000000
808,7934533833,94550726614382,94550725501016,8332838,6000000
809,7934542166,94550731655007,94550725501016,8332838,6000000
810,7934550500,94550740161882,94550733834043,8332849,6000000
811,7934558833,94550750325320,94550750499774,8332848,6000000
812,7934567166,94550758465320,94550758835050,8332999,6000000
813,7934575500,94550765760632,94550767167944,8332992,6000000
814,7934583833,94550774185007,94550775500801,8332983,6000000
815,7934592166,94550782507038,94550783833537,8332967,6000000
816,7934600500,94550791485632,94550792166703,8332979,6000000
817,7934608833,94550801719226,94550800499397,8332961,6000000
818,7934617166,94550806199851,94550800499397,8332961,6000000
819,7934625500,94550814938913,94550808833458,8333029,6000000
820,7934633833,94550825753288,94550825500819,8333105,6000000
821,7934642166,94550834052976,94550833834135,8333118,6000000
822,7934650500,94550841343601,94550842168228,8333178,6000000
823,7934658833,94550851621413,94550850501211,8333165,6000000
824,7934667166,94550856920163,94550850501211,8333165,6000000
825,7934675500,94550867711413,94550867166274,8333086,6000000
826,7934683833,94550873144695,94550867166274,8333086,6000000
827,7934692166,94550885301257,94550883832216,8333068,6000000
828,7934700500,94550894057663,94550892164415,8333013,6000000
829,7934708833,94550900785476,94550900497952,8333045,6000000
830,7934717166,94550906185945,94550900497952,8333045,6000000
831,7934725500,94550914334226,94550908830543,8333016,6000000
832,7934733833,94550922625320,94550917166294,8333186,6000000
833,7934742166,94550928625945,94550925499016,8333157,6000000
834,7934750500,94550941117351,94550933831504,8333115,6000000
835,7934758833,94550947102195,94550942163060,8333017,6000000
836,7934767166,94550956315476,94550950495794,8332999,6000000
837,7934775500,94550964925476,94550958829469,8333041,6000000
838,7934783833,94550975743288,94550967163862,8333125,6000000
839,7934792166,94550984477195,94550975497916,8333183,6000000
840,7934800500,94550988863757,94550983831764,8333224,6000000
841,7934808833,94550997999695,94550992163773,8333148,6000000
842,7934817166,94551008377663,94551000499200,8333290,6000000
843,7934825500,94551016403913,94551008843354,8333969,6000000
844,7934833833,94551024321257,94551017177331,8333969,6000000
845,7934842166,94551029030788,94551025508823,8333814,6000000
846,7934850500,94551039469070,94551033840497,8333680,6000000
847,7934858833,94551048477663,94551042172400,8333568,6000000
848,7934867166,94551053142351,94551050503725,8333427,6000000
849,7934875500,94551063041257,94551058834431,8333256,6000000
850,7934883833,94551073927038,94551067166507,8333182,6000000
851,7934892166,94551079817195,94551075498366,8333099,6000000
852,7934900500,94551087128913,94551083830611,8333045,6000000
853,7934908833,94551096744226,94551092162548,8332975,6000000
854,7934917166,94551105537976,94551100494349,8332901,6000000
855,7934925500,94551111270945,94551108826131,8332831,6000000
856,7934933833,94551120879695,94551117158748,8332817,6000000
857,7934942166,94551128692663,94551125490429,8332746,6000000
858,7934950500,94551138528288,94551133822221,8332686,6000000
859,7934958833,94551147687820,94551142154120,8332636,6000000
860,7934967166,94551153515163,94551150486552,8332623,6000000
861,7934975500,94551162719851,94551158817372,8332510,6000000
862,7934983833,94551171474070,94551167150822,8332568,6000000
863,7934992166,94551177440320,94551175490950,8333040,6000000
864,7935000500,94551186563601,94551183825758,8333150,6000000
865,7935008833,94551195162195,94551192159705,8333199,6000000
866,7935017166,94551204771570,94551200492628,8333181,6000000
867,7935025500,94551213088757,94551208826605,8333230,6000000
868,7935033833,94551223754070,94551217159428,8333204,6000000
869,7935042166,94551229709851,94551225491405,8333127,6000000
870,7935050500,94551238025007,94551233824584,8333130,6000000
871,7935058833,94551245765163,94551242158116,8333155,6000000
872,7935067166,94551256479695,94551250492072,8333205,6000000
873,7935075500,94551262466413,94551258824911,8333182,6000000
874,7935083833,94551269998913,94551267157783,8333162,6000000
875,7935092166,94551280336726,94551275492277,8333245,6000000
876,7935100500,94551289309695,94551283825610,8333250,6000000
877,7935108833,94551298359538,94551292159470,8333288,6000000
878,7935117166,94551304319226,94551300492618,8333279,6000000
879,7935125500,94551312327038,94551308825949,8333282,6000000
880,7935133833,94551321562820,94551317160013,8333330,6000000
881,7935142166,94551330534070,94551325493046,8333311,6000000
882,7935150500,94551336742038,94551333825326,8333246,6000000
883,7935158833,94551345577038,94551342160875,8333389,6000000
884,7935167166,94551354231726,94551350493814,8333360,6000000
885,7935175500,94551363581101,94551358826423,8333313,6000000
886,7935183833,94551372583757,94551367159736,8333313,6000000
887,7935192166,94551378509070,94551375492014,8333248,6000000
888,7935200500,94551387553288,94551383824876,8333223,6000000
889,7935208833,94551395702351,94551392156768,8333139,6000000
890,7935217166,94551405358757,94551400488500,8333051,6000000
891,7935225500,94551413354538,94551408821528,8333049,6000000
892,7935233833,94551420610945,94551417156007,8333138,6000000
893,7935242166,94551428732507,94551425489014,8333129,6000000
894,7935250500,94551438507351,94551433821271,8333074,6000000
895,7935258833,94551447568288,94551442154053,8333055,6000000
896,7935267166,94551453344382,94551450487693,8333091,6000000
897,7935275500,94551462888288,94551458820352,8333064,6000000
898,7935283833,94551470892507,94551467155835,8333215,6000000
899,7935292166,94551481708445,94551475488977,8333210,6000000
900,7935300500,94551488226882,94551483822432,8333225,6000000
901,7935308833,94551495546882,94551492154753,8333168,6000000
902,7935317166,94551504205007,94551500487770,8333158,6000000
903,7935325500,94551513477663,94551508822438,8333252,6000000
904,7935333833,94551519832038,94551517155643,8333249,6000000
905,7935708833,94551899787038,94551900485519,8333255,6000000
906,7935717166,94551902808757,94551900485519,8333255,6000000
907,7935725500,94551911984538,94551908819792,8333318,6000000
908,7935733833,94551922550476,94551917153105,8333317,6000000
909,7935742166,94551928874226,94551925484284,8333183,6000000
910,7935750500,94551936586570,94551933816672,8333133,6000000
911,7935758833,94551945996882,94551942149484,8333112,6000000
912,7935767166,94551954167195,94551950481203,8333024,6000000
913,7935775500,94551964504851,94551958814716,8333054,6000000
914,7935783833,94551970489070,94551967147884,8333061,6000000
915,7935792166,94551978272820,94551975480513,8333034,6000000
916,7935800500,94551987633601,94551983814270,8333079,6000000
917,7935808833,94551996611101,94551992148082,8333124,6000000
918,7935817166,94552002739226,94552000481287,8333129,6000000
919,7935825500,94552012075476,94552008814277,8333120,6000000
920,7935833833,94552020251570,94552017150413,8333308,6000000
921,7935842166,94552029916726,94552025483663,8333304,6000000
922,7935850500,94552038650320,94552033816307,8333262,6000000
923,7935858833,94552044459851,94552042149693,8333269,6000000
924,7935867166,94552053617351,94552050483147,8333280,6000000
925,7935875500,94552062280476,94552058816363,8333276,6000000
926,7935883833,94552072964226,94552067149896,8333292,6000000
927,7935892166,94552078897038,94552075482849,8333270,6000000
928,7935900500,94552086359695,94552083816488,8333293,6000000
929,7935908833,94552095583288,94552092149630,8333283,6000000
930,7935917166,94552103755788,94552100482279,8333243,6000000
931,7935925500,94552114425007,94552108815529,8333243,6000000
932,7935933833,94552120419851,94552117147197,8333144,6000000
933,7935942166,94552129339695,94552125479887,8333115,6000000
934,7935950500,94552137968757,94552133811554,8333024,6000000
935,7935967166,94552157918132,94552150475933,8332922,6000000
936,7935975500,94552160888288,94552150475933,8332922,6000000
937,7935983833,94552170912038,94552167141926,8332929,6000000
938,7935992166,94552178758288,94552175477900,8333119,6000000
939,7936000500,94552189563288,94552183811006,8333118,6000000
940,7936008833,94552195763601,94552192143677,8333090,6000000
941,7936017166,94552203397507,94552200477795,8333154,6000000
942,7936025500,94552212746257,94552208811128,8333165,6000000
943,7936033833,94552220778601,94552217144183,8333158,6000000
944,7936042166,94552231743601,94552225477391,8333161,6000000
945,7936050500,94552237685320,94552233811200,8333201,6000000
946,7936058833,94552245356726,94552242144139,8333184,6000000
947,7936067166,94552255882038,94552250476144,8333110,6000000
948,7936075500,94552262486101,94552258810057,8333160,6000000
949,7936083833,94552269924382,94552267143602,8333184,6000000
950,7936092166,94552278497351,94552275477625,8333236,6000000
951,7936100500,94552288545945,94552283831493,8334525,6000000
952,7936108833,94552294708601,94552292163223,8334350,6000000
953,7936117166,94552302595945,94552300495048,8334192,6000000
954,7936125500,94552311627507,94552308826569,8334025,6000000
955,7936133833,94552320253445,94552317157242,8333815,6000000
956,7936142166,94552330483757,94552325488079,8333628,6000000
957,7936150500,94552336440788,94552333820055,8333524,6000000
958,7936158833,94552344269538,94552342152287,8333443,6000000
959,7936167166,94552353835007,94552350482969,8333270,6000000
960,7936175500,94552362718132,94552358814734,8333175,6000000
961,7936183833,94552367290163,94552367146308,8333074,6000000
962,7936192166,94552377880945,94552375478498,8333018,6000000
963,7936200500,94552386610163,94552383810024,8332924,6000000
964,7936208833,94552395189851,94552392141036,8332804,6000000
965,7936217166,94552404551257,94552400472938,8332747,6000000
966,7936225500,94552413475163,94552408804845,8332694,6000000
967,7936233833,94552418279851,94552417134726,8332518,6000000
968,7936808833,94552998412351,94552992132672,8333171,6000000
969,7936817166,94553004248757,94553000468409,8333331,6000000
970,7936825500,94553014553601,94553008801623,8333323,6000000
971,7936833833,94553020282976,94553017135779,8333375,6000000
972,7936842166,94553028255632,94553025468120,8333310,6000000
973,7936850500,94553037755945,94553033801716,8333327,6000000
974,7936858833,94553046735320,94553042133659,8333240,6000000
975,7936867166,94553052682976,94553050467148,8333255,6000000
976,7936875500,94553061721882,94553058800113,8333236,6000000
977,7936883833,94553070582820,94553067133413,8333240,6000000
978,7936892166,94553079639851,94553075466431,8333226,6000000
979,7936900500,94553084206413,94553083799989,8333246,6000000
980,7936908833,94553094136726,94553092133179,8333242,6000000
981,7936917166,94553103764851,94553100466454,8333244,6000000
982,7936925500,94553112265476,94553108799486,8333230,6000000
983,7936933833,94553122115007,94553117132455,8333213,6000000
984,7936942166,94553130041726,94553125465616,8333209,6000000
985,7936950500,94553139496413,94553133798863,8333211,6000000
986,7936958833,94553146507663,94553142132338,8333227,6000000
987,7936967166,94553154083913,94553150465503,8333223,6000000
988,7936975500,94553164000007,94553158798780,8333226,6000000
989,7936983833,94553172536413,94553167130841,8333153,6000000
990,7936992166,94553178245476,94553175464389,8333177,6000000
991,7937000500,94553187633288,94553183797314,8333161,6000000
992,7937008833,94553195662038,94553192130932,8333189,6000000
993,7937017166,94553205627820,94553200464265,8333198,6000000
994,7937025500,94553214673757,94553208796789,8333155,6000000
995,7937033833,94553220509695,94553217130369,8333181,6000000
996,7937042166,94553229780788,94553225463241,8333161,6000000
997,7937050500,94553238049226,94553233796625,8333174,6000000
998,7937058833,94553247962038,94553242129336,8333145,6000000
999,7937067166,94553256384695,94553250462507,8333146,6000000
1000,7937075500,94553266614226,94553267128237,8333113,6000000
1001,7937083833,94553271462507,94553267128237,8333113,6000000
1002,7937092166,94553279913913,94553275460422,8333055,6000000
1003,7937100500,94553290631882,94553292127581,8333115,6000000
1004,7937108833,94553296420007,94553292127581,8333115,6000000
1005,7937117166,94553308574851,94553308794640,8333164,6000000
1006,7937125500,94553314685945,94553308794640,8333164,6000000
1007,7937133833,94553322677195,94553317128630,8333215,6000000
1008,7937142166,94553332749070,94553333796341,8333289,6000000
1009,7937150500,94553340622507,94553333796341,8333289,6000000
1010,7937158833,94553350922820,94553350464718,8333396,6000000
1011,7937167166,94553360214226,94553358798117,8333396,6000000
1012,7937175500,94553368784382,94553367131496,8333394,6000000
1013,7937192166,94553387221101,94553383797924,8333375,6000000
1014,7937200500,94553392991101,94553392131083,8333361,6000000
1015,7937208833,94553403005163,94553400464976,8333394,6000000
1016,7937217166,94553417226570,94553417130849,8333336,6000000
1017,7937225500,94553422218601,94553417130849,8333336,6000000
1018,7937233833,94553431264226,94553425466929,8333507,6000000
1019,7937242166,94553437955632,94553433799298,8333435,6000000
1020,7937250500,94553448991882,94553442130543,8333298,6000000
1021,7937258833,94553456270945,94553450464811,8333358,6000000
1022,7937275500,94553482905788,94553483800061,8333471,6000000
1023,7937283833,94553486888132,94553483800061,8333471,6000000
1024,7937292166,94553494019695,94553492131991,8333374,6000000
1025,7937300500,94553505309538,94553500464771,8333336,6000000
1026,7937308833,94553509583913,94553508797312,8333286,6000000
1027,7937317166,94553516688913,94553517129672,8333228,6000000
1028,7937325500,94553523951257,94553525463095,8333240,6000000
1029,7937333833,94553534546726,94553533802222,8333607,6000000
1030,7937342166,94553541149695,94553542134188,8333504,6000000
1031,7937358833,94553563360163,94553558797166,8333264,6000000
1032,7937367166,94553566820007,94553558797166,8333264,6000000
1033,7937375500,94553575216101,94553567130442,8333264,6000000
1034,7937383833,94553583192820,94553575463718,8333264,6000000
1035,7937392166,94553589568913,94553583793833,8333067,6000000
1036,7937400500,94553601289538,94553592126915,8333067,6000000
1037,7937408833,94553608286101,94553600461264,8333147,6000000
1038,7937417166,94553616550163,94553608793972,8333119,6000000
1039,7937425500,94553627889070,94553625457343,8332945,6000000
1040,7937442166,94553642454226,94553633788686,8332844,6000000
1041,7937450500,94553647360476,94553642122101,8332879,6000000
1042,7937458833,94553659823132,94553650454966,8332878,6000000
1043,7937467166,94553667076570,94553658798126,8333520,6000000
1044,7937475500,94553673177976,94553667131570,8333515,6000000
1045,7937483833,94553684785163,94553675485766,8334807,6000000
1046,7937492166,94553689748288,94553683815164,8334468,6000000
1047,7937500500,94553697539695,94553692144177,8334127,6000000
1048,7937508833,94553703467663,94553700474045,8333860,6000000
1049,7937517166,94553715620632,94553708805602,8333716,6000000
1050,7937533833,94553732892976,94553725472564,8333679,6000000
1051,7937542166,94553743446257,94553733804237,8333553,6000000
1052,7937550500,94553746485945,94553742137910,8333560,6000000
1053,7937558833,94553762272820,94553758799953,8333261,6000000
1054,7937567166,94553765286882,94553758799953,8333261,6000000
1055,7937575500,94553769310320,94553767130689,8333103,6000000
1056,7937592166,94553786006570,94553783794409,8332952,6000000
1057,7937600500,94553790567976,94553783794409,8332952,6000000
1058,7937608833,94553801512507,94553792126699,8332910,6000000
1059,7937617166,94553808191413,94553800459675,8332914,6000000
1060,7938125500,94554322149538,94554317140588,8333614,6000000
1061,7938133833,94554328077820,94554325474038,8333603,6000000
1062,7938142166,94554335683132,94554333795424,8332839,6000000
1063,7938150500,94554346442195,94554342123337,8332531,6000000
1064,7938158833,94554351639226,94554350465585,8333138,6000000
1065,7938167166,94554358972038,94554358795081,8332910,6000000
1066,7938175500,94554367778288,94554367125685,8332765,6000000
1067,7938183833,94554373987663,94554375460392,8332886,6000000
1068,7938192166,94554382888757,94554383792144,8332815,6000000
1069,7938200500,94554392550788,94554392123730,8332738,6000000
1070,7938208833,94554400876101,94554400455987,8332707,6000000
1071,7938217166,94554405598288,94554400455987,8332707,6000000
1072,7938225500,94554416820163,94554417122304,8332765,6000000
1073,7938233833,94554423917976,94554425454065,8332702,6000000
1074,7938242166,94554434825476,94554433785999,8332654,6000000
1075,7938250500,94554445023288,94554442119915,8332732,6000000
1076,7938258833,94554452302351,94554450454860,8332870,6000000
1077,7938267166,94554456248288,94554450454860,8332870,6000000
1078,7938275500,94554466979538,94554467119885,8332822,6000000
1079,7938283833,94554476297195,94554475454790,8332952,6000000
1080,7938292166,94554480842663,94554475454790,8332952,6000000
1081,7938300500,94554490680320,94554483783112,8332662,6000000
1082,7938308833,94554498926882,94554500445670,8332496,6000000
1083,7938317166,94554509855945,94554508776739,8332406,6000000
1084,7938325500,94554516963913,94554517128335,8333605,6000000
1085,7938333833,94554524156726,94554517128335,8333605,6000000
1086,7938342166,94554532632038,94554525454439,8333136,6000000
1087,7938350500,94554539235320,94554533788228,8333176,6000000
1088,7938358833,94554547515632,94554542119129,8333033,6000000
1089,7938367166,94554556379851,94554550449462,8332864,6000000
1090,7938375500,94554566633601,94554558780507,8332750,6000000
1091,7938383833,94554572734226,94554567111486,8332639,6000000
1092,7938392166,94554580783288,94554575446834,8332808,6000000
1093,7938400500,94554588355632,94554583777880,8332697,6000000
1094,7938408833,94554597648132,94554592109246,8332613,6000000
1095,7938417166,94554606409851,94554600444897,8332802,6000000
1096,7938425500,94554611986101,94554608777846,8332811,6000000
1097,7938433833,94554621589226,94554617109020,8332708,6000000
1098,7938442166,94554631742976,94554625440611,8332638,6000000
1099,7938450500,94554638072038,94554633773145,8332631,6000000
1100,7938458833,94554645622038,94554642105303,8332601,6000000
1101,7938467166,94554654522038,94554650437733,8332590,6000000
1102,7938475500,94554658971882,94554650437733,8332590,6000000
1103,7938483833,94554669108288,94554667102259,8332552,6000000
1104,7938492166,94554678669695,94554675443910,8333120,6000000
1105,7938500500,94554687619382,94554683776343,8333077,6000000
1106,7938508833,94554696569851,94554692110511,8333145,6000000
1107,7938517166,94554700911101,94554692110511,8333145,6000000
1108,7938525500,94554711412976,94554708778033,8333217,6000000
1109,7938533833,94554720639382,94554717111560,8333236,6000000
1110,7938542166,94554729126882,94554725444041,8333188,6000000
1111,7938550500,94554738485788,94554733777798,8333223,6000000
1112,7938558833,94554745664070,94554742111970,8333282,6000000
1113,7938567166,94554753651726,94554750445307,8333285,6000000
1114,7938575500,94554762334851,94554758777689,8333228,6000000
1115,7938583833,94554771639695,94554767110123,8333178,6000000
1116,7938592166,94554781612038,94554775443829,8333211,6000000
1117,7938600500,94554788306726,94554783776819,8333197,6000000
1118,7938608833,94554796691101,94554792110067,8333200,6000000
1119,7938617166,94554804511257,94554800443060,8333187,6000000
1120,7938625500,94554809031257,94554800443060,8333187,6000000
1121,7938633833,94554819221257,94554817110935,8333273,6000000
1122,7938642166,94554828631570,94554825443098,8333203,6000000
1123,7938650500,94554837117976,94554833775889,8333177,6000000
1124,7938658833,94554846644695,94554842108390,8333134,6000000
1125,7938667166,94554853589695,94554850440333,8333059,6000000
1126,7938675500,94554861257351,94554858773152,8333044,6000000
1127,7938683833,94554870626726,94554867107077,8333099,6000000
1128,7938692166,94554879269695,94554875440092,8333093,6000000
1129,7938700500,94554889613445,94554883773490,8333112,6000000
1130,7938708833,94554895643288,94554892106150,8333083,6000000
1131,7938717166,94554904273288,94554900439633,8333108,6000000
1132,7938725500,94554912806726,94554908772712,8333106,6000000
1133,7938733833,94554921563288,94554917105548,8333089,6000000
1134,7938742166,94554928574070,94554925438016,8333050,6000000
1135,7938750500,94554936285632,94554933770871,8333037,6000000
1136,7938758833,94554945621101,94554942104655,8333083,6000000
1137,7938767166,94554954506413,94554950437726,8333082,6000000
1138,7938775500,94554958987663,94554950437726,8333082,6000000
1139,7938783833,94554969813132,94554967104548,8333124,6000000
1140,7938792166,94554978617507,94554975439205,8333219,6000000
1141,7938800500,94554987853445,94554983772190,8333204,6000000
1142,7938808833,94554997612038,94554992105530,8333212,6000000
1143,7938817166,94555004300320,94555000438315,8333185,6000000
1144,7938825500,94555011727038,94555008772201,8333228,6000000
1145,7938833833,94555020301570,94555017105809,8333251,6000000
1146,7938842166,94555030057038,94555025438738,8333230,6000000
1147,7938850500,94555038738913,94555033772773,8333280,6000000
1148,7938858833,94555045176413,94555042106089,8333282,6000000
1149,7938867166,94555053403601,94555050440165,8333331,6000000
1150,7938875500,94555062695632,94555058774057,8333366,6000000
1151,7938883833,94555071665007,94555067107033,8333341,6000000
1152,7938892166,94555077417195,94555075439550,8333289,6000000
1153,7938900500,94555086593757,94555083771928,8333232,6000000
1154,7938908833,94555095825788,94555092104906,8333216,6000000
1155,7938917166,94555104465945,94555100439143,8333279,6000000
1156,7938925500,94555113723757,94555108772131,8333260,6000000
1157,7938933833,94555120100320,94555117105188,8333247,6000000
1158,7938942166,94555128298913,94555125437744,8333203,6000000
1159,7938950500,94555137524070,94555133770974,8333204,6000000
1160,7938958833,94555147797351,94555142103582,8333166,6000000
1161,7938967166,94555153564695,94555150435817,8333107,6000000
1162,7938975500,94555161363445,94555158768135,8333057,6000000
1163,7938983833,94555170593913,94555167100683,8333025,6000000
1164,7938992166,94555180482195,94555175434509,8333075,6000000
1165,7939000500,94555188635320,94555183767842,8333091,6000000
1166,7939008833,94555192873445,94555192101696,8333138,6000000
1167,7939017166,94555202941882,94555200434981,8333147,6000000
1168,7939025500,94555212533288,94555208768545,8333173,6000000
1169,7939033833,94555221608445,94555217104247,8333331,6000000
1170,7939042166,94555229288445,94555225437855,8333348,6000000
1171,7939050500,94555236786257,94555233770579,8333309,6000000
1172,7939058833,94555245913757,94555242103567,8333288,6000000
1173,7939067166,94555254610476,94555250435913,8333229,6000000
1174,7939075500,94555259069382,94555258768656,8333198,6000000
1175,7939083833,94555269772351,94555267104816,8333383,6000000
1176,7939092166,94555278395945,94555275438044,8333373,6000000
1177,7939100500,94555287641413,94555283771961,8333407,6000000
1178,7939108833,94555294289695,94555292104635,8333361,6000000
1179,7939258833,94555450579851,94555450439695,8333573,6000000
1180,7939267166,94555456693601,94555450439695,8333573,6000000
1181,7939275500,94555460955945,94555458772382,8333517,6000000
1182,7939283833,94555470278288,94555467105374,8333484,6000000
1183,7939292166,94555479879538,94555475437980,8333429,6000000
1184,7939300500,94555488290788,94555483769929,8333336,6000000
1185,7939308833,94555497809851,94555492102441,8333284,6000000
1186,7939317166,94555504309695,94555500434814,8333227,6000000
1187,7939325500,94555512333132,94555508767136,8333170,6000000
1188,7939333833,94555521847038,94555517099995,8333150,6000000
1189,7939342166,94555530574226,94555525433621,8333179,6000000
1190,7939350500,94555534956882,94555533766172,8333139,6000000
1191,7939358833,94555545749851,94555542100547,8333216,6000000
1192,7939367166,94555553907507,94555550432417,8333131,6000000
1193,7939375500,94555564630788,94555558764116,8333041,6000000
1194,7939383833,94555570597038,94555567096141,8332977,6000000
1195,7939392166,94555578481101,94555575429768,8333017,6000000
1196,7939400500,94555587805163,94555583761559,8332940,6000000
1197,7939408833,94555596531726,94555592094250,8332924,6000000
1198,7939417166,94555606581570,94555600426563,8332885,6000000
1199,7939425500,94555612494070,94555608758630,8332833,6000000
1200,7939433833,94555620350007,94555617094500,8333022,6000000
1201,7939442166,94555629672663,94555625429878,8333169,6000000
1202,7939450500,94555638404538,94555633764079,8333233,6000000
1203,7939458833,94555647812507,94555642097868,8333267,6000000
1204,7939467166,94555654130788,94555650430750,8333242,6000000
1205,7939475500,94555662285788,94555658765659,8333346,6000000
1206,7939483833,94555671714695,94555667098694,8333326,6000000
1207,7939492166,94555680789695,94555675432065,8333328,6000000
1208,7939500500,94555684982507,94555683764811,8333291,6000000
1209,7939508833,94555695070476,94555692097874,8333276,6000000
1210,7939517166,94555704913601,94555700430419,8333230,6000000
1211,7939525500,94555712888288,94555708764213,8333265,6000000
1212,7939533833,94555723638132,94555725434515,8333480,6000000
1213,7939542166,94555729475007,94555725434515,8333480,6000000
1214,7939550500,94555737590163,94555733766312,8333374,6000000
1215,7939558833,94555746703601,94555742098860,8333322,6000000
1216,7939567166,94555755963757,94555750430643,8333225,6000000
1217,7939575500,94555764577038,94555758761811,8333096,6000000
1218,7939583833,94555768977820,94555767093656,8333017,6000000
1219,7939592166,94555779120007,94555775426353,8332997,6000000
1220,7939600500,94555788544382,94555783759777,8333023,6000000
1221,7939608833,94555794938757,94555792093001,8333035,6000000
1222,7939617166,94555803432976,94555800427001,8333095,6000000
1223,7939625500,94555812740007,94555808759318,8333046,6000000
1224,7939633833,94555821413757,94555817093056,8333089,6000000
1225,7939642166,94555830727351,94555825426673,8333122,6000000
1226,7939650500,94555837631882,94555833760436,8333162,6000000
1227,7939658833,94555845334070,94555842093606,8333162,6000000
1228,7939667166,94555854934695,94555850426980,8333175,6000000
1229,7939675500,94555863448132,94555858758971,8333101,6000000
1230,7939683833,94555873890632,94555867092727,8333141,6000000
1231,7939692166,94555879654070,94555875429361,8333359,6000000
1232,7939700500,94555887276101,94555883762587,8333350,6000000
1233,7939708833,94555896637038,94555892095540,8333325,6000000
1234,7939717166,94555905551101,94555900428144,8333279,6000000
1235,7939725500,94555910041101,94555908760540,8333223,6000000
1236,7939733833,94555920367507,94555917093145,8333184,6000000
1237,7939742166,94555929805007,94555925427179,8333237,6000000
1238,7939750500,94555938516413,94555933760314,8333230,6000000
1239,7939758833,94555945777663,94555942093005,8333196,6000000
1240,7939767166,94555953701101,94555950427186,8333257,6000000
1241,7939775500,94555962219226,94555958759612,8333205,6000000
1242,7939783833,94555972707351,94555967092591,8333190,6000000
1243,7939792166,94555978979226,94555975425175,8333152,6000000
1244,7939800500,94555986530788,94555983758629,8333170,6000000
1245,7939808833,94555995757351,94555992091409,8333145,6000000
1246,7939817166,94556004236570,94556000425478,8333202,6000000
1247,7939825500,94556013595163,94556008758171,8333170,6000000
1248,7939833833,94556020675320,94556017091152,8333158,6000000
1249,7939842166,94556028366726,94556025424152,8333148,6000000
1250,7939850500,94556038339538,94556033758691,8333234,6000000
1251,7939858833,94556046419070,94556042099637,8333716,6000000
1252,7939867166,94556056577663,94556050433230,8333708,6000000
1253,7939875500,94556062135788,94556058764972,8333585,6000000
1254,7939883833,94556070287038,94556067097833,8333539,6000000
1255,7939892166,94556079715632,94556075430087,8333458,6000000
1256,7939900500,94556088520163,94556083762032,8333363,6000000
1257,7939908833,94556093020945,94556083762032,8333363,6000000
1258,7939917166,94556103384382,94556100426438,8333221,6000000
1259,7939925500,94556112786726,94556108758919,8333174,6000000
1260,7939933833,94556121685945,94556117092356,8333190,6000000
1261,7939942166,94556126038913,94556117092356,8333190,6000000
1262,7939950500,94556136380007,94556133760853,8333320,6000000
1263,7939958833,94556145829226,94556142093798,8333296,6000000
1264,7939967166,94556154337507,94556150426733,8333273,6000000
1265,7939975500,94556164833913,94556158758362,8333170,6000000
1266,7939983833,94556170841413,94556167091731,8333182,6000000
1267,7939992166,94556178668288,94556175423596,8333099,6000000
1268,7940000500,94556187981101,94556183755314,8333012,6000000
1269,7940008833,94556196735945,94556192087852,8332982,6000000
1270,7940017166,94556201304226,94556192087852,8332982,6000000
1271,7940025500,94556211970788,94556208758504,8333277,6000000
1272,7940033833,94556220430007,94556217091326,8333248,6000000
1273,7940042166,94556229317507,94556225423702,8333193,6000000
1274,7940050500,94556239902351,94556233756591,8333174,6000000
1275,7940058833,94556245767820,94556242090285,8333206,6000000
1276,7940067166,94556254373913,94556250433110,8333807,6000000
1277,7940075500,94556262163445,94556258764398,8333649,6000000
1278,7940083833,94556271942351,94556267095665,8333500,6000000
1279,7940092166,94556280578757,94556275428650,8333467,6000000
1280,7940100500,94556285099851,94556283760254,8333350,6000000
1281,7940108833,94556295063913,94556292092496,8333280,6000000
1282,7940117166,94556304808757,94556300426136,8333302,6000000
1283,7940125500,94556313680632,94556308758027,8333213,6000000
1284,7940133833,94556319455788,94556317090258,8333151,6000000
1285,7940142166,94556328810163,94556325422282,8333080,6000000
1286,7940150500,94556337880945,94556333756278,8333137,6000000
1287,7940158833,94556346963757,94556342087722,8333031,6000000
1288,7940167166,94556350967038,94556342087722,8333031,6000000
1289,7940175500,94556360911413,94556358751739,8332905,6000000
1290,7940183833,94556370942976,94556367083391,8332826,6000000
1291,7940192166,94556379213132,94556375420039,8333064,6000000
1292,7940200500,94556388594695,94556383752764,8333042,6000000
1293,7940208833,94556395170788,94556392086601,8333091,6000000
1294,7940217166,94556403425788,94556400418130,8332993,6000000
1295,7940225500,94556413697663,94556408753834,8333162,6000000
1296,7940233833,94556420054695,94556417092214,8333488,6000000
1297,7940242166,94556427208913,94556417092214,8333488,6000000
1298,7940250500,94556437077976,94556433756486,8333321,6000000
1299,7940258833,94556445367038,94556442089834,8333322,6000000
1300,7940267166,94556454935007,94556450422546,8333283,6000000
1301,7940275500,94556463609695,94556458754579,8333204,6000000
1302,7940283833,94556468072195,94556458754579,8333204,6000000
1303,7940292166,94556477933288,94556475419097,8333088,6000000
1304,7940300500,94556487931413,94556483751080,8333018,6000000
1305,7940308833,94556496785788,94556492085322,8333094,6000000
1306,7940317166,94556506720163,94556500418655,8333108,6000000
1307,7940325500,94556512484226,94556508752816,8333173,6000000
1308,7940333833,94556520666726,94556517086372,8333196,6000000
1309,7940342166,94556529255632,94556525421680,8333328,6000000
1310,7940350500,94556538765007,94556533753867,8333256,6000000
1311,7940358833,94556545292820,94556542084775,8333109,6000000
1312,7940367166,94556553940163,94556550418688,8333159,6000000
1313,7940375500,94556562805945,94556558751358,8333128,6000000
1314,7940383833,94556571042976,94556567085411,8333185,6000000
1315,7940392166,94556580464070,94556575417729,8333130,6000000
1316,7940400500,94556587491882,94556583753289,8333281,6000000
1317,7940408833,94556595845945,94556592085612,8333221,6000000
1318,7940417166,94556603859070,94556600418120,8333176,6000000
1319,7940425500,94556613568757,94556608750853,8333148,6000000
1320,7940433833,94556620983601,94556617083011,8333086,6000000
1321,7940817166,94557006939538,94557008744959,8333203,6000000
1322,7940825500,94557015828757,94557017078097,8333198,6000000
1323,7940833833,94557021787976,94557017078097,8333198,6000000
1324,7940842166,94557031631413,94557025411235,8333194,6000000
1325,7940850500,94557037520632,94557033744564,8333202,6000000
1326,7940858833,94557045146570,94557042079101,8333285,6000000
1327,7940867166,94557054811257,94557050411650,8333239,6000000
1328,7940875500,94557064194070,94557058748210,8333446,6000000
1329,7940883833,94557069662038,94557067080646,8333382,6000000
1330,7940892166,94557079004538,94557075412594,8333292,6000000
1331,7940900500,94557087129695,94557083745114,8333243,6000000
1332,7940908833,94557096914538,94557092078040,8333223,6000000
1333,7940917166,94557104992976,94557100411412,8333232,6000000
1334,7940925500,94557112043601,94557108744253,8333207,6000000
1335,7940933833,94557120651570,94557117078130,8333248,6000000
1336,7940942166,94557128927195,94557125410843,8333214,6000000
1337,7940950500,94557138939070,94557133744036,8333212,6000000
1338,7940958833,94557148043913,94557142077536,8333230,6000000
1339,7940967166,94557153670476,94557150411070,8333249,6000000
1340,7940975500,94557162803913,94557158743244,8333181,6000000
1341,7940983833,94557170864070,94557167076880,8333209,6000000
1342,7940992166,94557180770945,94557175408096,8333084,6000000
1343,7941000500,94557187607038,94557183743573,8333233,6000000
1344,7941008833,94557195883601,94557192076681,8333225,6000000
1345,7941017166,94557203886257,94557200410939,8333289,6000000
1346,7941025500,94557213933913,94557208742542,8333183,6000000
1347,7941033833,94557220965476,94557217077437,8333290,6000000
1348,7941042166,94557228687038,94557225410056,8333248,6000000
1349,7941050500,94557237978757,94557233744161,8333301,6000000
1350,7941058833,94557245903445,94557242076214,8333223,6000000
1351,7941067166,94557256726101,94557250408651,8333173,6000000
1352,7941075500,94557262560945,94557258741579,8333157,6000000
1353,7941083833,94557270416413,94557267074527,8333143,6000000
1354,7941092166,94557279815320,94557275406487,8333069,6000000
1355,7941100500,94557288834695,94557283741066,8333163,6000000
1356,7941108833,94557294578445,94557292073214,8333099,6000000
1357,7941117166,94557303730632,94557300407189,8333153,6000000
1358,7941125500,94557313046570,94557308739706,8333113,6000000
1359,7941133833,94557322743445,94557317074563,8333222,6000000
1360,7941142166,94557328734851,94557325406579,8333146,6000000
1361,7941150500,94557336671101,94557333740206,8333176,6000000
1362,7941158833,94557345552038,94557342072701,8333133,6000000
1363,7941167166,94557354943757,94557350407533,8333239,6000000
1364,7941175500,94557363128445,94557358740230,8333205,6000000
1365,7941183833,94557369421726,94557367075127,8333310,6000000
1366,7941192166,94557378581726,94557375407167,8333230,6000000
1367,7941200500,94557386944226,94557383740818,8333256,6000000
1368,7941208833,94557398087663,94557392073742,8333235,6000000
1369,7941217166,94557403942038,94557400411010,8333487,6000000
1370,7941225500,94557411636726,94557408745341,8333539,6000000
1371,7941233833,94557420878601,94557417078237,8333498,6000000
1372,7941242166,94557428909382,94557425410673,8333431,6000000
1373,7941250500,94557438805320,94557433742943,8333358,6000000
1374,7941258833,94557445085163,94557442074842,8333266,6000000
1375,7941267166,94557453250320,94557450408806,8333309,6000000
1376,7941275500,94557462755163,94557458741825,8333290,6000000
1377,7941283833,94557471803445,94557467075859,8333336,6000000
1378,7941292166,94557477562195,94557475407888,8333254,6000000
1379,7941300500,94557486734226,94557483741804,8333295,6000000
1380,7941308833,94557495323288,94557492073501,8333195,6000000
1381,7941317166,94557505744851,94557500405455,8333117,6000000
1382,7941325500,94557512482820,94557508740804,8333256,6000000
1383,7941333833,94557519782351,94557517074511,8333284,6000000
1384,7941342166,94557528883132,94557525405891,8333165,6000000
1385,7941350500,94557536870632,94557533739627,8333200,6000000
1386,7941358833,94557546714538,94557542071497,8333116,6000000
1387,7941367166,94557553903132,94557550404877,8333132,6000000
1388,7941375500,94557561328445,94557558736118,8333013,6000000
1389,7941383833,94557571027820,94557567073083,8333260,6000000
1390,7941392166,94557578901570,94557575406608,8333276,6000000
1391,7941400500,94557588453445,94557583740330,8333303,6000000
1392,7941408833,94557595905945,94557592072840,8333253,6000000
1393,7941417166,94557603521101,94557600405869,8333239,6000000
1394,7941425500,94557612041413,94557608737515,8333139,6000000
1395,7941433833,94557621872507,94557617071852,8333213,6000000
1396,7941442166,94557628241726,94557625404447,8333174,6000000
1397,7941450500,94557636420788,94557633737356,8333157,6000000
1398,7941458833,94557645858913,94557642069358,8333084,6000000
1399,7941467166,94557653779070,94557650403083,8333124,6000000
1400,7941475500,94557663942038,94557658735322,8333068,6000000
1401,7941483833,94557670964695,94557667068531,8333076,6000000
1402,7941492166,94557679086413,94557675403022,8333164,6000000
1403,7941500500,94557687043445,94557683737123,8333222,6000000
1404,7941508833,94557696931413,94557692069198,8333150,6000000
1405,7941517166,94557703730320,94557700402392,8333152,6000000
1406,7941525500,94557712127351,94557708734419,8333081,6000000
1407,7941533833,94557720894070,94557717068376,8333135,6000000
1408,7941542166,94557729137351,94557725400175,8333051,6000000
1409,7941550500,94557735691570,94557733735757,8333209,6000000
1410,7941558833,94557744831882,94557742068447,8333176,6000000
1411,7941567166,94557753651257,94557750401913,8333194,6000000
1412,7941575500,94557763095163,94557758733979,8333123,6000000
1413,7941583833,94557771303288,94557767068257,8333195,6000000
1414,7941592166,94557780876882,94557775401590,8333203,6000000
1415,7941600500,94557787769851,94557783734047,8333156,6000000
1416,7941608833,94557795868445,94557792068979,8333267,6000000
1417,7941617166,94557803983288,94557800401436,8333216,6000000
1418,7941625500,94557814732038,94557808734705,8333219,6000000
1419,7941633833,94557820642038,94557817066572,8333134,6000000
1420,7941642166,94557828819695,94557825399858,8333143,6000000
1421,7941650500,94557837627663,94557833732771,8333128,6000000
1422,7941658833,94557847835632,94557842066595,8333171,6000000
1423,7941667166,94557854208445,94557850398954,8333120,6000000
1424,7941675500,94557862035632,94557858733154,8333187,6000000
1425,7941683833,94557870504382,94557867065696,8333146,6000000
1426,7941692166,94557879977976,94557875399356,8333178,6000000
1427,7941700500,94557888370788,94557883731570,8333117,6000000
1428,7941708833,94557894712507,94557892065450,8333164,6000000
1429,7941717166,94557903653445,94557900398214,8333139,6000000
1430,7941725500,94557912192820,94557908733285,8333259,6000000
1431,7941967166,94558155912351,94558150400830,8333403,6000000
1432,7941975500,94558164253445,94558158734253,8333404,6000000
1433,7941983833,94558170761726,94558167067239,8333377,6000000
1434,7941992166,94558175169695,94558175401212,8333414,6000000
1435,7942000500,94558185790476,94558183734173,8333385,6000000
1436,7942008833,94558194731882,94558192067604,8333387,6000000
1437,7942017166,94558203944695,94558200399655,8333303,6000000
1438,7942025500,94558212834382,94558208731622,8333219,6000000
1439,7942033833,94558221860945,94558217062753,8333088,6000000
1440,7942042166,94558227535476,94558225397486,8333190,6000000
1441,7942050500,94558237554382,94558233729347,8333106,6000000
1442,7942058833,94558245433288,94558242063485,8333170,6000000
1443,7942067166,94558255000476,94558250395245,8333081,6000000
1444,7942075500,94558263212663,94558258728646,8333101,6000000
1445,7942083833,94558269601257,94558267059691,8332972,6000000
1446,7942092166,94558278924070,94558275392411,8332956,6000000
1447,7942100500,94558286986257,94558283725950,8332992,6000000
1448,7942108833,94558296880788,94558292057798,8332920,6000000
1449,7942117166,94558305794538,94558300392569,8333035,6000000
1450,7942125500,94558311703913,94558308726160,8333069,6000000
1451,7942133833,94558320807195,94558317060190,8333129,6000000
1452,7942142166,94558329252195,94558325393476,8333138,6000000
1453,7942150500,94558335792663,94558333728142,8333233,6000000
1454,7942158833,94558347572976,94558342061028,8333211,6000000
1455,7942167166,94558353933288,94558350394027,8333197,6000000
1456,7942175500,94558362845945,94558358726548,8333154,6000000
1457,7942183833,94558369173757,94558367077896,8334291,6000000
1458,7942192166,94558377527038,94558375408684,8334072,6000000
1459,7942200500,94558386904695,94558383741436,8333989,6000000
1460,7942208833,94558395527038,94558392075249,8333978,6000000
1461,7942217166,94558404687663,94558400408162,8333911,6000000
1462,7942225500,94558414700476,94558408741352,8333865,6000000
1463,7942233833,94558420437507,94558417074871,8333843,6000000
1464,7942242166,94558428683913,94558425404680,8333590,6000000
1465,7942250500,94558436502507,94558433736063,8333452,6000000
1466,7942258833,94558444336413,94558442066443,8333260,6000000
1467,7942267166,94558452450007,94558450396907,8333085,6000000
1468,7942275500,94558461785632,94558458730774,8333133,6000000
1469,7942283833,94558470671882,94558467062050,8333016,6000000
1470,7942292166,94558476494070,94558467062050,8333016,6000000
1471,7942300500,94558485772663,94558483722871,8332702,6000000
1472,7942308833,94558494431570,94558492054937,8332662,6000000
1473,7942317166,94558503859070,94558500388044,8332689,6000000
1474,7942325500,94558513100632,94558508717680,8332498,6000000
1475,7942333833,94558519038445,94558517049008,8332424,6000000
1476,7942342166,94558528070163,94558525379681,8332314,6000000
1477,7942350500,94558537074226,94558533723922,8333059,6000000
1478,7942358833,94558545975007,94558542055225,8332949,6000000
1479,7942367166,94558554251882,94558550387377,8332899,6000000
1480,7942375500,94558560924695,94558558721757,8332991,6000000
1481,7942383833,94558569896882,94558567055060,8333010,6000000
1482,7942392166,94558578462038,94558575389559,8333103,6000000
1483,7942400500,94558587862038,94558583725055,8333252,6000000
1484,7942408833,94558596596413,94558592058374,8333256,6000000
1485,7942417166,94558605762663,94558600391438,8333244,6000000
1486,7942425500,94558612822507,94558608723454,8333167,6000000
1487,7942433833,94558620838288,94558617056805,8333178,6000000
1488,7942442166,94558630120945,94558625391081,8333246,6000000
1489,7942450500,94558638759695,94558633724690,8333268,6000000
1490,7942458833,94558645723601,94558642056193,8333157,6000000
1491,7942467166,94558653367351,94558650388817,8333123,6000000
1492,7942475500,94558662807663,94558658722517,8333159,6000000
1493,7942483833,94558671852038,94558667055817,8333167,6000000
1494,7942492166,94558677625632,94558675388845,8333158,6000000
1495,7942500500,94558686946413,94558683723728,8333265,6000000
1496,7942508833,94558695382195,94558692056483,8333233,6000000
1497,7942517166,94558704729695,94558700390851,8333303,6000000
1498,7942525500,94558714780476,94558708722633,8333207,6000000
1499,7942533833,94558720568601,94558717056193,8333229,6000000
1500,7942542166,94558728511882,94558725389822,8333254,6000000
1501,7942550500,94558737902195,94558733723258,8333265,6000000
1502,7942558833,94558746528913,94558742056424,8333258,6000000
1503,7942567166,94558755962195,94558750389231,8333229,6000000
1504,7942575500,94558762627195,94558758721891,8333193,6000000
1505,7942583833,94558770917038,94558767055549,8333222,6000000
1506,7942592166,94558778932976,94558775388318,8333193,6000000
1507,7942600500,94558789775320,94558783722996,8333285,6000000
1508,7942608833,94558795854538,94558792055955,8333264,6000000
1509,7942617166,94558803855945,94558800390284,8333330,6000000
1510,7942625500,94558811972820,94558808722518,8333261,6000000
1511,7942633833,94558821847663,94558817056156,8333284,6000000
1512,7942642166,94558828300163,94558825389192,8333268,6000000
1513,7942650500,94558836713757,94558833722537,8333272,6000000
1514,7942658833,94558848459538,94558850388426,8333230,6000000
1515,7942667166,94558858828757,94558858722399,8333276,6000000
1516,7942675500,94558864729851,94558858722399,8333276,6000000
1517,7942683833,94558869218445,94558867054328,8333191,6000000
1518,7942692166,94558885694851,94558883719189,8333094,6000000
1519,7942700500,94558888455320,94558883719189,8333094,6000000
1520,7942708833,94558896419695,94558892052983,8333137,6000000
1521,7942717166,94558905892820,94558900385943,8333125,6000000
1522,7942725500,94558912373913,94558908719616,8333159,6000000
1523,7942733833,94558920547195,94558917056666,8333402,6000000
1524,7942742166,94558930908757,94558925389464,8333364,6000000
1525,7942750500,94558937025007,94558933720198,8333199,6000000
1526,7942758833,94558944680163,94558942052147,8333120,6000000
1527,7942767166,94558953931413,94558950384721,8333085,6000000
1528,7942775500,94558963153913,94558958718266,8333113,6000000
1529,7942783833,94558969049382,94558967051487,8333119,6000000
1530,7942792166,94558977956257,94558975386154,8333215,6000000
1531,7942800500,94558986613288,94558983719185,8333203,6000000
1532,7942808833,94558995905476,94558992053233,8333255,6000000
1533,7942817166,94559004819851,94559000385439,8333189,6000000
1534,7942825500,94559010753757,94559008718482,8333179,6000000
1535,7942833833,94559020316257,94559017051107,8333144,6000000
1536,7942842166,94559028679070,94559025386113,8333260,6000000
1537,7942850500,94559037976413,94559033720646,8333339,6000000
1538,7942858833,94559046990632,94559042054323,8333360,6000000
1539,7942867166,94559052747507,94559050385687,8333235,6000000
1540,7942875500,94559061911726,94559058717875,8333169,6000000
1541,7942883833,94559070892351,94559067050470,8333133,6000000
1542,7942892166,94559079002038,94559075383578,8333131,6000000
1543,7942900500,94559089729382,94559083719642,8333314,6000000
1544,7942908833,94559095724851,94559092054083,8333384,6000000
1545,7942917166,94559103632976,94559100385282,8333247,6000000
1546,7942925500,94559113061570,94559108718266,8333230,6000000
1547,7942933833,94559122048757,94559117055542,8333482,6000000
1548,7942942166,94559127827820,94559125389037,8333482,6000000
1549,7942950500,94559136850320,94559133721105,8333393,6000000
1550,7942958833,94559145485476,94559142055617,8333462,6000000
1551,7942967166,94559154860945,94559150387691,8333375,6000000
1552,7942975500,94559163174851,94559158721275,8333388,6000000
1553,7942983833,94559169913601,94559167052827,8333273,6000000
1554,7942992166,94559179134070,94559175385538,8333237,6000000
1555,7943000500,94559187543445,94559183717065,8333130,6000000
1556,7943008833,94559196977976,94559192050869,8333172,6000000
1557,7943017166,94559205430007,94559200384244,8333184,6000000
1558,7943025500,94559215820320,94559217049439,8333109,6000000
1559,7943033833,94559222374226,94559217049439,8333109,6000000
1560,7943042166,94559229063757,94559225381877,8333067,6000000
1561,7943050500,94559240209070,94559242049114,8333130,6000000
1562,7943058833,94559246152820,94559242049114,8333130,6000000
1563,7943067166,94559254091882,94559250381597,8333089,6000000
1564,7943075500,94559262545476,94559258715616,8333147,6000000
1565,7943083833,94559271759070,94559267047312,8333056,6000000
1566,7943767166,94559956803132,94559958697575,8333156,6000000
1567,7943775500,94559962640632,94559958697575,8333156,6000000
1568,7943783833,94559970384851,94559967030653,8333151,6000000
1569,7943792166,94559980937820,94559975374407,8333813,6000000
1570,7943800500,94559987402507,94559983707148,8333746,6000000
1571,7943808833,94559994930320,94559992039613,8333665,6000000
1572,7943817166,94560004216570,94560000372924,8333642,6000000
1573,7943825500,94560014202976,94560008707672,8333711,6000000
1574,7943833833,94560019058757,94560017040158,8333634,6000000
1575,7943842166,94560030891570,94560025374772,8333695,6000000
1576,7943850500,94560036624226,94560033707861,8333657,6000000
1577,7943858833,94560045973132,94560042040916,8333619,6000000
1578,7943867166,94560054150163,94560050374369,8333608,6000000
1579,7943875500,94560064986413,94560058708149,8333618,6000000
1580,7943883833,94560070814070,94560067041350,8333591,6000000
1581,7943892166,94560078644538,94560075378783,8333831,6000000
1582,7943900500,94560090858288,94560092045659,8333784,6000000
1583,7943908833,94560097002038,94560092045659,8333784,6000000
1584,7943917166,94560106940632,94560108715193,8333911,6000000
1585,7943925500,94560113738288,94560108715193,8333911,6000000
1586,7943933833,94560120953601,94560117049729,8333950,6000000
1587,7943942166,94560129604070,94560125383654,8333948,6000000
1588,7943950500,94560138966257,94560133725117,8334417,6000000
1589,7943958833,94560145763132,94560142057044,8334261,6000000
1590,7943967166,94560153608288,94560150387356,8334014,6000000
1591,7943975500,94560162880945,94560158716701,8333722,6000000
1592,7943983833,94560172060632,94560167047441,8333535,6000000
1593,7943992166,94560177831882,94560175377877,8333341,6000000
1594,7944000500,94560187045788,94560183706125,8333022,6000000
1595,7944008833,94560195621257,94560192036220,8332839,6000000
1596,7944017166,94560205893288,94560200365907,8332642,6000000
1597,7944025500,94560211682351,94560208699733,8332716,6000000
1598,7944033833,94560219659695,94560217029363,8332523,6000000
1599,7944042166,94560229024538,94560225373921,8333275,6000000
1600,7944050500,94560237781413,94560233703301,8333031,6000000
1601,7944058833,94560246965320,94560242042871,8333439,6000000
1602,7944067166,94560253288288,94560250373854,8333285,6000000
1603,7944075500,94560261818913,94560258707682,8333318,6000000
1604,7944083833,94560271091413,94560267037409,8333093,6000000
1605,7944092166,94560279977351,94560275387893,8334179,6000000
1606,7944100500,94560289164382,94560283720945,8334108,6000000
1607,7944108833,94560294829851,94560292052363,8333939,6000000
1608,7944117166,94560303951570,94560300383444,8333760,6000000
1609,7944125500,94560312057195,94560308717136,8333755,6000000
1610,7944133833,94560322857663,94560317053024,8333888,6000000
1611,7944142166,94560327397195,94560325385792,8333818,6000000
1612,7944150500,94560336625007,94560333716240,8333607,6000000
1613,7944158833,94560345943757,94560342058269,8334133,6000000
1614,7944167166,94560354932195,94560350385749,8333717,6000000
1615,7944175500,94560361040163,94560358714757,8333422,6000000
1616,7944183833,94560370005320,94560367041248,8332988,6000000
1617,7944192166,94560378771570,94560375370782,8332772,6000000
1618,7944200500,94560387090632,94560383698909,8332481,6000000
1619,7944208833,94560397785007,94560392038738,8332940,6000000
1620,7944217166,94560403685788,94560400369277,8332789,6000000
1621,7944225500,94560411923913,94560408699832,8332649,6000000
1622,7944233833,94560421087507,94560417029359,8332453,6000000
1623,7944242166,94560428985788,94560425361057,8332405,6000000
1624,7944250500,94560438955476,94560433691013,8332251,6000000
1625,7944258833,94560445333288,94560442028729,8332592,6000000
1626,7944267166,94560453639851,94560450360256,8332525,6000000
1627,7944275500,94560463948445,94560458692148,8332485,6000000
1628,7944283833,94560469820632,94560467023908,8332439,6000000
1629,7944292166,94560477724382,94560475360939,8332726,6000000
1630,7944300500,94560487041101,94560483694804,8332797,6000000
1631,7944317166,94560506130476,94560500360934,8332826,6000000
1632,7944325500,94560512621101,94560508704492,8333496,6000000
1633,7944333833,94560520950320,94560517035946,8333368,6000000
1634,7944342166,94560528819226,94560525380607,8334073,6000000
1635,7944350500,94560536284695,94560533711815,8333893,6000000
1636,7944358833,94560544243132,94560542046929,8333969,6000000
1637,7944367166,94560553320476,94560550378776,8333836,6000000
1638,7944375500,94560561710163,94560558715557,8334020,6000000
1639,7944383833,94560571073757,94560567047064,8333862,6000000
1640,7944392166,94560579609538,94560575374852,8333482,6000000
1641,7944400500,94560585880788,94560583705940,8333332,6000000
1642,7944417166,94560607837976,94560600365821,8332920,6000000
1643,7944425500,94560614135632,94560608696308,8332767,6000000
1644,7944433833,94560621150788,94560617027351,8332659,6000000
1645,7944442166,94560630972038,94560625360684,8332701,6000000
1646,7944450500,94560637366257,94560633692114,8332621,6000000
1647,7944458833,94560646141570,94560642026618,8332738,6000000
1648,7944467166,94560654357195,94560650358276,8332670,6000000
1649,7944475500,94560665037195,94560658689510,8332580,6000000
1650,7944483833,94560671132038,94560667022051,8332577,6000000
1651,7944492166,94560678840476,94560675358996,8332850,6000000
1652,7944500500,94560687896413,94560683688946,8332668,6000000
1653,7944508833,94560697229382,94560692027565,8333039,6000000
1654,7944517166,94560703227507,94560700359747,8332985,6000000
1655,7944525500,94560712304070,94560708694295,8333082,6000000
1656,7944533833,94560721005945,94560717026432,8333022,6000000
1657,7944542166,94560730394851,94560725366700,8333474,6000000
1658,7944550500,94560738726257,94560733698565,8333373,6000000
1659,7944558833,94560748405632,94560742030875,8333306,6000000
1660,7944567166,94560754307038,94560750363977,8333293,6000000
1661,7944575500,94560762952663,94560758707273,8333918,6000000
1662,7944583833,94560772773445,94560767039355,8333803,6000000
1663,7944592166,94560780687038,94560775375707,8333962,6000000
1664,7944600500,94560787273601,94560783707029,8333797,6000000
1665,7944608833,94560799406257,94560800383903,8334328,6000000
1666,7944617166,94560805624538,94560800383903,8334328,6000000
1667,7944625500,94560814608132,94560808713472,8334030,6000000
1668,7944633833,94560823487507,94560825372818,8333501,6000000
1669,7944642166,94560828116726,94560825372818,8333501,6000000
1670,7944650500,94560837899226,94560833704276,8333373,6000000
1671,7944658833,94560847283132,94560842036449,8333298,6000000
1672,7944667166,94560856095320,94560850367124,8333134,6000000
1673,7944675500,94560861931413,94560858697791,8332979,6000000
1674,7944683833,94560871051257,94560867028126,8332813,6000000
1675,7944692166,94560879610476,94560875358508,8332661,6000000
1676,7944700500,94560890256570,94560883688414,8332488,6000000
1677,7944708833,94560896281882,94560892021747,8332540,6000000
1678,7944717166,94560904682976,94560900352528,8332430,6000000
1679,7944725500,94560912258445,94560908682905,8332301,6000000
1680,7944733833,94560922039226,94560917013153,8332172,6000000
1681,7944742166,94560929467507,94560925352282,8332606,6000000
1682,7944750500,94560937084695,94560933685020,8332614,6000000
1683,7944758833,94560945693601,94560942019149,8332708,6000000
1684,7944767166,94560955150007,94560950350785,8332641,6000000
1685,7944775500,94560963238288,94560958693903,8333295,6000000
1686,7944783833,94560970217351,94560967027227,8333296,6000000
1687,7944792166,94560979243757,94560975360208,8333276,6000000
1688,7944800500,94560987693445,94560983691963,8333180,6000000
1689,7944808833,94560997117507,94560992023662,8333087,6000000
1690,7944817166,94561005679226,94561000357466,8333131,6000000
1691,7944825500,94561012156257,94561008690687,8333136,6000000
1692,7944833833,94561021244226,94561017023000,8333084,6000000
1693,7944842166,94561029984695,94561025356346,8333100,6000000
1694,7944850500,94561039196882,94561033689921,8333129,6000000
1695,7944858833,94561045214851,94561042022237,8333078,6000000
1696,7944867166,94561054302038,94561050355393,8333082,6000000
1697,7944875500,94561063231726,94561058688161,8333062,6000000
1698,7944883833,94561072202820,94561067021314,8333067,6000000
1699,7944892166,94561078089226,94561075355613,8333144,6000000
1700,7944900500,94561087547663,94561083687978,8333095,6000000
1701,7944908833,94561096314538,94561092022156,8333162,6000000
1702,7944917166,94561105207663,94561100354524,8333112,6000000
1703,7944925500,94561114071726,94561108686850,8333062,6000000
1704,7944933833,94561119823601,94561117020589,8333104,6000000
1705,7944942166,94561128979851,94561125356982,8333309,6000000
1706,7944950500,94561137910163,94561133690027,8333292,6000000
1707,7944958833,94561148927195,94561142023399,8333297,6000000
1708,7944967166,94561155330945,94561150355843,8333243,6000000
1709,7944975500,94561164066882,94561158691058,8333366,6000000
1710,7944983833,94561172766101,94561167025454,8333430,6000000
1711,7944992166,94561181095163,94561175358056,8333378,6000000
1712,7945000500,94561190658913,94561183692819,8333464,6000000
1713,7945008833,94561199532820,94561192027175,8333519,6000000
1714,7945017166,94561205425163,94561200360339,8333496,6000000
1715,7945025500,94561213804538,94561208694251,8333522,6000000
1716,7945033833,94561223789226,94561217028609,8333574,6000000
1717,7945042166,94561229925007,94561225361591,8333537,6000000
1718,7945050500,94561240306413,94561233696192,8333603,6000000
1719,7945058833,94561250210476,94561250362916,8333573,6000000
1720,7945067166,94561256271726,94561250362916,8333573,6000000
1721,7945075500,94561265070320,94561258696478,8333572,6000000
1722,7945083833,94561271031570,94561267028639,8333483,6000000
1723,7945092166,94561278939538,94561275360203,8333363,6000000
1724,7945100500,94561288686726,94561283691126,8333210,6000000
1725,7945108833,94561297337820,94561292023372,8333149,6000000
1726,7945117166,94561303423913,94561300356493,8333147,6000000
1727,7945125500,94561312776570,94561308693111,8333363,6000000
1728,7945133833,94561320754851,94561317024227,8333222,6000000
1729,7945142166,94561331183757,94561325356145,8333140,6000000
1730,7945150500,94561339162195,94561333688782,8333108,6000000
1731,7945158833,94561345888757,94561342021020,8333053,6000000
1732,7945167166,94561354845007,94561350353067,8332990,6000000
1733,7945175500,94561364265476,94561358686409,8333012,6000000
1734,7945183833,94561372568913,94561367018587,8332959,6000000
1735,7945192166,94561378620788,94561375350597,8332899,6000000
1736,7945200500,94561386967351,94561383683465,8332897,6000000
1737,7945208833,94561396051570,94561392016868,8332928,6000000
1738,7945217166,94561405776882,94561400349449,8332906,6000000
1739,7945225500,94561413377038,94561408682427,8332910,6000000
1740,7945233833,94561424517195,94561425350959,8333076,6000000
1741,7945242166,94561430565632,94561425350959,8333076,6000000
1742,7945250500,94561438657351,94561433684107,8333080,6000000
1743,7945258833,94561447142195,94561442017748,8333115,6000000
1744,7945267166,94561452578913,94561450351575,8333159,6000000
1745,7945275500,94561461858757,94561458684639,8333153,6000000
1746,7945283833,94561471947351,94561467016174,8333051,6000000
1747,7945292166,94561479956413,94561475352036,8333226,6000000
1748,7945300500,94561489777351,94561483684537,8333180,6000000
1749,7945308833,94561498748445,94561500350582,8333159,6000000
1750,7945317166,94561504565320,94561500350582,8333159,6000000
1751,7945325500,94561513726101,94561508684374,8333198,6000000
1752,7945333833,94561523171413,94561525355513,8333479,6000000
1753,7945342166,94561529254070,94561525355513,8333479,6000000
1754,7945350500,94561538819538,94561533700863,8334220,6000000
1755,7945358833,94561547064851,94561542033108,8334096,6000000
1756,7945367166,94561555055320,94561550364547,8333929,6000000
1757,7945375500,94561565591101,94561558697313,8333856,6000000
1758,7945383833,94561572572663,94561567041779,8334519,6000000
1759,7945392166,94561580581726,94561575372955,8334310,6000000
1760,7945400500,94561589214851,94561583705984,8334229,6000000
1761,7945408833,94561599449695,94561592041752,8334325,6000000
1762,7945417166,94561602926882,94561600372654,8334111,6000000
1763,7945425500,94561613349851,94561608703794,8333925,6000000
1764,7945433833,94561622375007,94561617034597,8333729,6000000
1765,7945442166,94561630731726,94561625364691,8333501,6000000
1766,7945450500,94561640732351,94561633698024,8333490,6000000
1767,7945458833,94561647491413,94561642035801,8333757,6000000
1768,7945467166,94561655380476,94561650365343,8333493,6000000
1769,7945475500,94561662698913,94561658700465,8333594,6000000
1770,7945483833,94561672648601,94561667028733,8333261,6000000
1771,7945492166,94561679789538,94561675357320,8332968,6000000
1772,7945500500,94561688507976,94561683688273,8332842,6000000
1773,7945508833,94561696971257,94561692018057,8332650,6000000
1774,7945517166,94561712155163,94561708686065,8332802,6000000
1775,7945525500,94561723066882,94561717015987,8332622,6000000
1776,7945533833,94561735809226,94561733681790,8332666,6000000
1777,7945542166,94561742526726,94561742020296,8333031,6000000
1778,7945550500,94561757975476,94561758685105,8332956,6000000
1779,7945558833,94561761542820,94561758685105,8332956,6000000
1780,7945567166,94561769724382,94561767018638,8332992,6000000
1781,7945583833,94561788880632,94561783681128,8332778,6000000
1782,7945592166,94561795262663,94561792013059,8332725,6000000
1783,7945600500,94561805075788,94561800346088,8332744,6000000
1784,7945608833,94561812374070,94561808683040,8333007,6000000
1785,7945617166,94561821675163,94561817015737,8332987,6000000
1786,7945625500,94561828318601,94561825351852,8333182,6000000
1787,7945633833,94561836873445,94561833684310,8333136,6000000
1788,7945642166,94561841917976,94561842016485,8333075,6000000
1789,7945658833,94561859844538,94561858681091,8332982,6000000
1790,7945667166,94561867953757,94561858681091,8332982,6000000
1791,7945675500,94561873977507,94561875346745,8332964,6000000
1792,7945683833,94561886815320,94561883679999,8332982,6000000
1793,7945692166,94561893294695,94561892012647,8332961,6000000
1794,7945700500,94561897814538,94561892012647,8332961,6000000
1795,7945708833,94561911122351,94561908682541,8333197,6000000
1796,7945717166,94561914669851,94561908682541,8333197,6000000
1797,7945725500,94561927519695,94561925354566,8333546,6000000
1798,7945733833,94561930467507,94561925354566,8333546,6000000
1799,7945750500,94561948770632,94561950351173,8333311,6000000
1800,7945758833,94561959055007,94561958684873,8333335,6000000
1801,7945767166,94561963504070,94561958684873,8333335,6000000
1802,7945775500,94561970825476,94561967020119,8333454,6000000
1803,7945783833,94561977526570,94561975351897,8333349,6000000
1804,7945792166,94561992070320,94561983683606,8333246,6000000
1805,7945800500,94561995641882,94561992016731,8333238,6000000
1806,7945808833,94562007705945,94562000349235,8333192,6000000
1807,7945817166,94562013875945,94562008681736,8333148,6000000
1808,7945825500,94562019863601,94562017014078,8333097,6000000
1809,7945842166,94562038854226,94562033680847,8333130,6000000
1810,7945850500,94562044492663,94562042013079,8333073,6000000
1811,7945858833,94562053829070,94562050346148,8333072,6000000
1812,7945867166,94562062066570,94562058679319,8333078,6000000
1813,7945875500,94562072744070,94562067012362,8333075,6000000
1814,7945883833,94562080904382,94562075346218,8333123,6000000
1815,7945892166,94562089146101,94562083678275,8333056,6000000
1816,7945900500,94562094827038,94562092013776,8333208,6000000
1817,7945908833,94562103455632,94562100346664,8333188,6000000
1818,7945925500,94562125444226,94562117013689,8333224,6000000
1819,7945933833,94562130720163,94562125346097,8333173,6000000
1820,7945942166,94562137034538,94562133679281,8333173,6000000
1821,7945950500,94562153462195,94562150346037,8333196,6000000
1822,7945958833,94562156506570,94562150346037,8333196,6000000
1823,7945967166,94562162503132,94562158678138,8333127,6000000
1824,7945975500,94562167735632,94562158678138,8333127,6000000
1825,7945983833,94562180277195,94562175346145,8333238,6000000
1826,7945992166,94562182705632,94562175346145,8333238,6000000
1827,7946008833,94562205288757,94562200344303,8333148,6000000
1828,7946017166,94562209897507,94562200344303,8333148,6000000
1829,7946025500,94562227934851,94562225352103,8333659,6000000
1830,7946033833,94562230937976,94562225352103,8333659,6000000
1831,7946050500,94562244637976,94562242026022,8334071,6000000
1832,7946058833,94562250453288,94562242026022,8334071,6000000
1833,7946967166,94563165261726,94563158726777,8333677,6000000
1834,7947250500,94563450770788,94563441997592,8332474,6000000
1835,7947450500,94563645545945,94563641991695,8332987,6000000
1836,7947458833,94563656769695,94563658657147,8332952,6000000
1837,7947467166,94563659218913,94563658657147,8332952,6000000
1838,7947475500,94563670620163,94563666989443,8332911,6000000
1839,7947483833,94563674246257,94563675322674,8332931,6000000
1840,7947492166,94563684826570,94563683655611,8332931,6000000
1841,7947500500,94563689419851,94563683655611,8332931,6000000
1842,7947508833,94563698869851,94563691988585,8332933,6000000
1843,7947517166,94563708177663,94563708654709,8332947,6000000
1844,7947525500,94563714367351,94563708654709,8332947,6000000
1845,7947533833,94563726956413,94563725321214,8332981,6000000
1846,7947542166,94563732827038,94563733654783,8333017,6000000
1847,7947550500,94563741265320,94563741988255,8333045,6000000
1848,7947558833,94563750123445,94563741988255,8333045,6000000
1849,7947567166,94563754805320,94563750321919,8333083,6000000
1850,7947575500,94563763605788,94563758655243,8333098,6000000
1851,7947617166,94563805805945,94563800320744,8333097,6000000
1852,7947625500,94563816254538,94563816987672,8333144,6000000
1853,7947633833,94563823808288,94563816987672,8333144,6000000
1854,7947642166,94563833563288,94563833654420,8333170,6000000
1855,7947650500,94563842215788,94563841988021,8333196,6000000
1856,7947658833,94563847989382,94563841988021,8333196,6000000
1857,7947667166,94563857602351,94563858654934,8333223,6000000
1858,7947675500,94563866045320,94563866987239,8333165,6000000
1859,7947683833,94563872850945,94563866987239,8333165,6000000
1860,7947692166,94563881572195,94563883654377,8333214,6000000
1861,7947700500,94563890814538,94563891986357,8333136,6000000
1862,7947708833,94563899487351,94563900331399,8333880,6000000
1863,7947717166,94563907618601,94563908665093,8333868,6000000
1864,7947725500,94563913838601,94563908665093,8333868,6000000
1865,7947733833,94563926343445,94563925330515,8333728,6000000
1866,7947742166,94563930865945,94563925330515,8333728,6000000
1867,7947750500,94563942262820,94563941994501,8333519,6000000
1868,7947758833,94563947098288,94563941994501,8333519,6000000
1869,7947767166,94563955274382,94563950325747,8333376,6000000
1870,7947775500,94563966509070,94563966999566,8333776,6000000
1871,7947783833,94563974369070,94563975331219,8333643,6000000
1872,7947792166,94563983108601,94563983661313,8333421,6000000
1873,7947800500,94563988425632,94563983661313,8333421,6000000
1874,7947808833,94563998408288,94564000324303,8333187,6000000
1875,7947817166,94564006923288,94564000324303,8333187,6000000
1876,7947825500,94564017751570,94564016987685,8333005,6000000
1877,7947833833,94564024575320,94564025319163,8332909,6000000
1878,7947842166,94564035004226,94564033649846,8332769,6000000
1879,7947850500,94564039542820,94564033649846,8332769,6000000
1880,7947858833,94564049258757,94564050312996,8332625,6000000
1881,7947867166,94564058180788,94564058643696,8332504,6000000
1882,7947875500,94564064705632,94564058643696,8332504,6000000
1883,7947883833,94564074751882,94564075315333,8332893,6000000
1884,7947892166,94564082770945,94564083647435,8332843,6000000
1885,7947900500,94564090329382,94564083647435,8332843,6000000
1886,7947908833,94564101263913,94564100313556,8332862,6000000
1887,7947917166,94564107731101,94564108645397,8332798,6000000
1888,7947925500,94564116802351,94564116977453,8332751,6000000
1889,7947933833,94564125224382,94564125318529,8333271,6000000
1890,7947942166,94564130349695,94564125318529,8333271,6000000
1891,7947950500,94564139743601,94564133650993,8333220,6000000
1892,7947958833,94564148656257,94564141985411,8333294,6000000
1893,7947967166,94564156989538,94564158649845,8333163,6000000
1894,7947975500,94564166692663,94564166982899,8333156,6000000
1895,7947983833,94564176286257,94564175316293,8333170,6000000
1896,7947992166,94564182674538,94564183649175,8333152,6000000
1897,7948000500,94564190611257,94564191982403,8333156,6000000
1898,7948008833,94564199904382,94564200314756,8333105,6000000
1899,7948017166,94564206900007,94564208648253,8333129,6000000
1900,7948025500,94564215537663,94564208648253,8333129,6000000
1901,7948033833,94564224875945,94564225314671,8333135,6000000
1902,7948042166,94564232932038,94564233647537,8333118,6000000
1903,7948050500,94564242805320,94564241981393,8333164,6000000
1904,7948058833,94564251261413,94564250313438,8333094,6000000
1905,7948067166,94564256187038,94564250313438,8333094,6000000
1906,7948075500,94564264670163,94564258648787,8333234,6000000
1907,7948083833,94564274775320,94564275313241,8333111,6000000
1908,7948092166,94564283772663,94564283648523,8333246,6000000
1909,7948100500,94564291765788,94564291982500,8333291,6000000
1910,7948108833,94564302689226,94564300315752,8333288,6000000
1911,7948117166,94564306538445,94564308649002,8333285,6000000
1912,7948125500,94564315822820,94564316982316,8333286,6000000
1913,7948133833,94564326241257,94564325315227,8333262,6000000
1914,7948142166,94564333148757,94564333649067,8333298,6000000
1915,7948150500,94564341491413,94564341982434,8333302,6000000
1916,7948158833,94564350098288,94564350315692,8333299,6000000
1917,7948167166,94564359210788,94564358649143,8333308,6000000
1918,7948175500,94564363982663,94564358649143,8333308,6000000
1919,7948183833,94564372502663,94564366981059,8333221,6000000
1920,7948192166,94564382720476,94564383647761,8333232,6000000
1921,7948200500,94564391362195,94564391980916,8333227,6000000
1922,7948883833,94565076732820,94565075310860,8334070,6000000
1923,7948892166,94565080897038,94565075310860,8334070,6000000
1924,7948900500,94565089581882,94565083644090,8334017,6000000
1925,7948908833,94565099606726,94565100305421,8333606,6000000
1926,7948917166,94565108140945,94565108639625,8333643,6000000
1927,7948925500,94565114003288,94565108639625,8333643,6000000
1928,7948933833,94565123195163,94565116972238,8333578,6000000
1929,7948942166,94565131753757,94565133636283,8333389,6000000
1930,7948950500,94565142778601,94565141968902,8333340,6000000
1931,7948958833,94565147171882,94565141968902,8333340,6000000
1932,7948967166,94565155616882,94565150302315,8333344,6000000
1933,7948975500,94565166725945,94565166969503,8333370,6000000
1934,7948983833,94565175642507,94565175303036,8333380,6000000
1935,7948992166,94565180278288,94565175303036,8333380,6000000
1936,7949000500,94565188884382,94565183636115,8333361,6000000
1937,7949008833,94565198984851,94565200301953,8333305,6000000
1938,7949017166,94565207733913,94565208634762,8333274,6000000
1939,7949025500,94565216057195,94565208634762,8333274,6000000
1940,7949033833,94565224129851,94565225299860,8333184,6000000
1941,7949042166,94565231713757,94565233631834,8333108,6000000
1942,7949050500,94565247005476,94565241961970,8332922,6000000
1943,7949058833,94565249230476,94565250299343,8333200,6000000
1944,7949067166,94565258532507,94565258632711,8333210,6000000
1945,7949075500,94565263585007,94565258632711,8333210,6000000
1946,7949083833,94565273913757,94565275298922,8333199,6000000
1947,7949092166,94565282287351,94565283631839,8333181,6000000
1948,7949100500,94565287920788,94565283631839,8333181,6000000
1949,7949108833,94565301571882,94565300297215,8333119,6000000
1950,7949117166,94565307792663,94565308631040,8333163,6000000
1951,7949125500,94565316520632,94565316964499,8333181,6000000
1952,7949133833,94565325032976,94565325299470,8333292,6000000
1953,7949142166,94565329744851,94565325299470,8333292,6000000
1954,7949150500,94565339002976,94565333632419,8333270,6000000
1955,7949158833,94565348533601,94565350299850,8333322,6000000
1956,7949167166,94565357085632,94565358634042,8333376,6000000
1957,7949175500,94565363685163,94565358634042,8333376,6000000
1958,7949183833,94565371942195,94565366967073,8333354,6000000
1959,7949192166,94565381684695,94565375300676,8333369,6000000
1960,7949200500,94565391679070,94565391966694,8333325,6000000
1961,7949208833,94565400543601,94565400299879,8333316,6000000
1962,7949217166,94565404992820,94565400299879,8333316,6000000
1963,7949225500,94565413775320,94565408634650,8333406,6000000
1964,7949233833,94565424175788,94565425299253,8333269,6000000
1965,7949242166,94565431400632,94565425299253,8333269,6000000
1966,7949250500,94565443848288,94565441965055,8333226,6000000
1967,7949258833,94565447218445,94565441965055,8333226,6000000
1968,7949267166,94565462841101,94565458631126,8333207,6000000
1969,7949275500,94565464885632,94565458631126,8333207,6000000
1970,7949283833,94565473757038,94565475297748,8333221,6000000
1971,7949292166,94565484819851,94565483631309,8333242,6000000
1972,7949300500,94565488960320,94565483631309,8333242,6000000
1973,7949308833,94565497870632,94565491964908,8333264,6000000
1974,7949317166,94565507672507,94565508635693,8333509,6000000
1975,7949325500,94565517781882,94565516968884,8333489,6000000
1976,7949333833,94565522147663,94565516968884,8333489,6000000
1977,7949342166,94565530786413,94565525301645,8333443,6000000
1978,7949350500,94565541344070,94565541973745,8333768,6000000
1979,7949358833,94565549743601,94565550304890,8333604,6000000
1980,7949367166,94565559277351,94565558636759,8333495,6000000
1981,7949375500,94565568356570,94565566969075,8333421,6000000
1982,7949383833,94565574801726,94565575302828,8333441,6000000
1983,7949392166,94565583422663,94565583639871,8333666,6000000
1984,7949400500,94565592732507,94565591971449,8333535,6000000
1985,7949408833,94565597874226,94565591971449,8333535,6000000
1986,7949417166,94565610990163,94565608634323,8333283,6000000
1987,7949425500,94565615541101,94565608634323,8333283,6000000
1988,7949433833,94565623802195,94565625303510,8333435,6000000
1989,7949442166,94565634674226,94565633634287,8333268,6000000
1990,7949450500,94565643329538,94565641966583,8333207,6000000
1991,7949458833,94565649619695,94565650298326,8333115,6000000
1992,7949467166,94565658545788,94565658633453,8333240,6000000
1993,7949475500,94565667059226,94565666967554,8333293,6000000
1994,7949483833,94565671075788,94565666967554,8333293,6000000
1995,7949492166,94565684319538,94565683630925,8333099,6000000
1996,7949500500,94565690838913,94565683630925,8333099,6000000
1997,7949508833,94565700655632,94565700294986,8332970,6000000
1998,7949517166,94565706932507,94565708630942,8333156,6000000
1999,7949525500,94565715693445,94565716962231,8333039,6000000
2000,7949533833,94565724648288,94565725294068,8332963,6000000
2001,7949542166,94565734105476,94565733626110,8332905,6000000
2002,7949550500,94565742355320,94565741958409,8332867,6000000
2003,7949558833,94565751824851,94565750293083,8332979,6000000
2004,7949567166,94565755942663,94565750293083,8332979,6000000
2005,7949575500,94565764807663,94565758624991,8332912,6000000
2006,7949583833,94565774948132,94565775295342,8333173,6000000
2007,7949592166,94565783609382,94565783630891,8333321,6000000
2008,7949600500,94565789838445,94565783630891,8333321,6000000
2009,7949608833,94565802657351,94565800298215,8333361,6000000
2010,7949617166,94565808670476,94565808635157,8333584,6000000
2011,7949625500,94565817444538,94565816966284,8333430,6000000
2012,7949633833,94565821068757,94565816966284,8333430,6000000
2013,7949642166,94565831577351,94565825302142,8333581,6000000
2014,7949650500,94565839654538,94565833633598,8333448,6000000
2015,7949658833,94565850391257,94565850296702,8333217,6000000
2016,7949667166,94565854977976,94565850296702,8333217,6000000
2017,7949967166,94566162207038,94566158628119,8333111,6000000
2018,7950100500,94566294586101,94566291938637,8332381,6000000
2019,7950225500,94566420566882,94566416938530,8333003,6000000
2020,7950233833,94566429738445,94566425271259,8332985,6000000
2021,7950242166,94566430998913,94566425271259,8332985,6000000
2022,7950250500,94566441420476,94566441951081,8333795,6000000
2023,7950258833,94566449522351,94566450284106,8333746,6000000
2024,7950267166,94566458331726,94566458617476,8333722,6000000
2025,7950275500,94566464411413,94566458617476,8333722,6000000
2026,7950283833,94566474057976,94566475283752,8333651,6000000
2027,7950292166,94566483185476,94566483617584,8333662,6000000
2028,7950300500,94566490342038,94566491950432,8333611,6000000
2029,7950308833,94566501692195,94566500283034,8333547,6000000
2030,7950317166,94566508092976,94566508616073,8333515,6000000
2031,7950325500,94566516744382,94566508616073,8333515,6000000
2032,7950333833,94566525510320,94566516949784,8333527,6000000
2033,7950342166,94566529139382,94566525283998,8333569,6000000
2034,7950375500,94566567114226,94566566951196,8333528,6000000
2035,7950383833,94566572822820,94566566951196,8333528,6000000
2036,7950392166,94566582612507,94566583617867,8333504,6000000
2037,7950400500,94566592224538,94566591951222,8333494,6000000
2038,7950408833,94566599893601,94566600284028,8333451,6000000
2039,7950417166,94566609443132,94566608623568,8333831,6000000
2040,7950425500,94566617774851,94566616955472,8333710,6000000
2041,7950433833,94566622601882,94566616955472,8333710,6000000
2042,7950442166,94566632995945,94566633619820,8333520,6000000
2043,7950450500,94566642537195,94566641953883,8333553,6000000
2044,7950458833,94566649835788,94566650295641,8334065,6000000
2045,7950467166,94566657206413,94566658628458,8333987,6000000
2046,7950475500,94566665504070,94566666961425,8333923,6000000
2047,7950483833,94566674689851,94566675293062,8333780,6000000
2048,7950492166,94566680090007,94566675293062,8333780,6000000
2049,7950500500,94566690409695,94566691955611,8333475,6000000
2050,7950508833,94566699286570,94566700287029,8333346,6000000
2051,7950517166,94566707851570,94566708621451,8333413,6000000
2052,7950525500,94566714670007,94566708621451,8333413,6000000
2053,7950533833,94566726478132,94566725285761,8333258,6000000
2054,7950542166,94566732847038,94566733617734,8333177,6000000
2055,7950550500,94566741571257,94566741949481,8333087,6000000
2056,7950558833,94566750051413,94566750280733,8332972,6000000
2057,7950567166,94566754832663,94566750280733,8332972,6000000
2058,7950575500,94566767162663,94566766943386,8332771,6000000
2059,7950583833,94566774136101,94566775278493,8332917,6000000
2060,7950592166,94566782379226,94566783610911,8332885,6000000
2061,7950600500,94566788175632,94566783610911,8332885,6000000
2062,7950608833,94566797321882,94566791942723,8332817,6000000
2063,7950617166,94566805785788,94566800273940,8332717,6000000
2064,7950625500,94566815878913,94566816945814,8333114,6000000
2065,7950633833,94566824471726,94566825281124,8333251,6000000
2066,7950642166,94566834626882,94566833614632,8333267,6000000
2067,7950650500,94566839233757,94566833614632,8333267,6000000
2068,7950658833,94566848265163,94566841947850,8333263,6000000
2069,7950667166,94566858740163,94566858612867,8333168,6000000
2070,7950675500,94566867766726,94566866946310,8333185,6000000
2071,7950683833,94566876595320,94566875281141,8333287,6000000
2072,7950692166,94566880372976,94566875281141,8333287,6000000
2073,7950700500,94566893273913,94566891946394,8333208,6000000
2074,7950708833,94566899471726,94566900279421,8333196,6000000
2075,7950717166,94566908387195,94566908612705,8333201,6000000
2076,7950725500,94566914715788,94566908612705,8333201,6000000
2077,7950733833,94566922999695,94566916944933,8333140,6000000
2078,7950742166,94566933995632,94566933611344,8333145,6000000
2079,7950750500,94566942598601,94566933611344,8333145,6000000
2080,7950758833,94566950820632,94566950277755,8333152,6000000
2081,7950767166,94566955529382,94566950277755,8333152,6000000
2082,7950775500,94566966556257,94566966943537,8333117,6000000
2083,7950783833,94566974205163,94566975283592,8333550,6000000
2084,7950792166,94566984475163,94566983616897,8333534,6000000
2085,7950800500,94566988957351,94566983616897,8333534,6000000
2086,7950808833,94566997681726,94566991950281,8333524,6000000
2087,7950817166,94567007782195,94567008614442,8333349,6000000
2088,7950825500,94567016753757,94567016946717,8333281,6000000
2089,7950833833,94567025469538,94567025279585,8333255,6000000
2090,7950842166,94567030370632,94567025279585,8333255,6000000
2091,7950850500,94567041014851,94567041946222,8333259,6000000
2092,7950858833,94567049393913,94567050277207,8333116,6000000
2093,7950867166,94567060227976,94567058610262,8333112,6000000
2094,7950875500,94567068176101,94567066942961,8333086,6000000
2095,7950883833,94567076372820,94567075275138,8333029,6000000
2096,7950892166,94567081764382,94567083606874,8332948,6000000
2097,7950900500,94567091849070,94567091940691,8333002,6000000
2098,7950908833,94567101066726,94567100272950,8332955,6000000
2099,7950917166,94567105675945,94567100272950,8332955,6000000
2100,7950925500,94567115987507,94567116940848,8333074,6000000
2101,7950933833,94567124482038,94567125273298,8333035,6000000
2102,7950942166,94567133335007,94567133606367,8333037,6000000
2103,7950950500,94567138212820,94567133606367,8333037,6000000
2104,7950958833,94567148705163,94567141943142,8333270,6000000
2105,7950967166,94567156667663,94567150277247,8333322,6000000
2106,7950975500,94567167588601,94567158609983,8333285,6000000
2107,7951083833,94567279432820,94567275274612,8333208,6000000
2108,7951092166,94567283289070,94567283608577,8333255,6000000
2109,7951100500,94567292859851,94567291941442,8333230,6000000
2110,7951108833,94567298140945,94567291941442,8333230,6000000
2111,7951117166,94567307754538,94567308607675,8333215,6000000
2112,7951125500,94567316145632,94567316942064,8333288,6000000
2113,7951133833,94567322682820,94567316942064,8333288,6000000
2114,7951325500,94567522993132,94567516938749,8333235,6000000
2115,7951558833,94567756118913,94567750268655,8333229,6000000
2116,7951567166,94567757874538,94567758601876,8333228,6000000
2117,7951575500,94567770733132,94567766936442,8333311,6000000
2118,7951583833,94567772098132,94567766936442,8333311,6000000
2119,7951592166,94567781879538,94567783603090,8333314,6000000
2120,7951600500,94567795194851,94567791935500,8333257,6000000
2121,7951608833,94567799439851,94567800268372,8333232,6000000
2122,7951617166,94567807929538,94567808601030,8333196,6000000
2123,7951625500,94567819032507,94567816933619,8333158,6000000
2124,7951633833,94567829161726,94567825266378,8333133,6000000
2125,7951642166,94567836376726,94567833599091,8333106,6000000
2126,7951650500,94567838381882,94567833599091,8333106,6000000
2127,7951658833,94567852305788,94567850265645,8333125,6000000
2128,7951667166,94567855449226,94567850265645,8333125,6000000
2129,7951675500,94567866701882,94567866932349,8333151,6000000
2130,7951683833,94567871255788,94567866932349,8333151,6000000
2131,7951692166,94567886533913,94567883598345,8333132,6000000
2132,7951700500,94567892354226,94567883598345,8333132,6000000
2133,7951708833,94567897935945,94567891932156,8333174,6000000
2134,7951717166,94567904740163,94567900263980,8333089,6000000
2135,7951725500,94567912178445,94567908596142,8333031,6000000
2136,7951733833,94567922357820,94567916928175,8332968,6000000
2137,7951742166,94567931005945,94567925261297,8332977,6000000
2138,7951750500,94567940420788,94567933594517,8332992,6000000
2139,7951758833,94567949297663,94567941930076,8333152,6000000
2140,7951767166,94567955334695,94567950264778,8333248,6000000
2141,7951775500,94567963535476,94567958597463,8333212,6000000
2142,7951783833,94567967860320,94567958597463,8333212,6000000
2143,7951792166,94567978411570,94567975262894,8333147,6000000
2144,7951800500,94567987043913,94567983595747,8333128,6000000
2145,7951808833,94567996719226,94567991928228,8333087,6000000
2146,7951817166,94568005191726,94568000260620,8333043,6000000
2147,7951825500,94568009954695,94568008593197,8333013,6000000
2148,7951833833,94568020573288,94568016925869,8332991,6000000
2149,7951842166,94568028676413,94568025260708,8333106,6000000
2150,7951850500,94568039295945,94568033593720,8333100,6000000
2151,7951858833,94568046055163,94568041926687,8333091,6000000
2152,7951867166,94568053538913,94568050260654,8333145,6000000
2153,7951875500,94568062140788,94568058594062,8333161,6000000
2154,7951883833,94568071830788,94568066927317,8333166,6000000
2155,7951892166,94568080509226,94568075260368,8333158,6000000
2156,7951900500,94568086819695,94568083593824,8333176,6000000
2157,7951908833,94568095125788,94568091926719,8333158,6000000
2158,7951917166,94568104371101,94568100260109,8333172,6000000
2159,7951925500,94568113507507,94568108594363,8333239,6000000
2160,7951933833,94568119621101,94568116928036,8333266,6000000
2161,7951942166,94568131264382,94568125261302,8333266,6000000
2162,7951950500,94568135919538,94568133595055,8333296,6000000
2163,7951958833,94568146464070,94568141928531,8333307,6000000
2164,7951967166,94568154792976,94568150262120,8333324,6000000
2165,7951975500,94568165228445,94568158594358,8333256,6000000
2166,7951983833,94568171210788,94568166927540,8333251,6000000
2167,7951992166,94568178935320,94568175259544,8333173,6000000
2168,7952000500,94568189312038,94568183592556,8333162,6000000
2169,7952008833,94568195299070,94568191926014,8333180,6000000
2170,7952017166,94568203299382,94568200259512,8333199,6000000
2171,7952025500,94568212993288,94568208592025,8333156,6000000
2172,7952033833,94568221754851,94568216926071,8333211,6000000
2173,7952042166,94568230216257,94568225258137,8333139,6000000
2174,7952050500,94568236181882,94568233591904,8333178,6000000
2175,7952058833,94568245310163,94568241925184,8333184,6000000
2176,7952067166,94568254499070,94568250258482,8333191,6000000
2177,7952075500,94568263566882,94568258590964,8333146,6000000
2178,7952083833,94568267945945,94568258590964,8333146,6000000
2179,7952092166,94568278087507,94568275261052,8333380,6000000
2180,7952100500,94568287416570,94568283593753,8333337,6000000
2181,7952108833,94568295584851,94568291926308,8333288,6000000
2182,7952117166,94568306391257,94568300260281,8333330,6000000
2183,7952125500,94568312564382,94568308592522,8333261,6000000
2184,7952133833,94568320117195,94568316926012,8333275,6000000
2185,7952142166,94568329900945,94568325257481,8333162,6000000
2186,7952150500,94568337601882,94568333591297,8333202,6000000
2187,7952158833,94568348329538,94568341923324,8333128,6000000
2188,7952167166,94568354198445,94568350257688,8333205,6000000
2189,7952175500,94568361983445,94568358590679,8333191,6000000
2190,7952183833,94568371452351,94568366923430,8333163,6000000
2191,7952192166,94568380543757,94568375259132,8333321,6000000
2192,7952200500,94568386320320,94568383592446,8333320,6000000
2193,7952208833,94568395456570,94568391924928,8333267,6000000
2194,7952217166,94568403586101,94568400258648,8333295,6000000
2195,7952225500,94568414343601,94568408590778,8333222,6000000
2196,7952233833,94568420418445,94568416923810,8333210,6000000
2197,7952242166,94568428401882,94568425255169,8333094,6000000
2198,7952250500,94568437641570,94568433588646,8333117,6000000
2199,7952258833,94568446457351,94568441922515,8333164,6000000
2200,7952267166,94568452397663,94568450256281,8333201,6000000
2201,7952275500,94568461597663,94568458587683,8333088,6000000
2202,7952283833,94568470050945,94568466921833,8333154,6000000
2203,7952292166,94568479537976,94568475255844,8333207,6000000
2204,7952300500,94568488573913,94568483589195,8333216,6000000
2205,7952308833,94568494721726,94568491920911,8333122,6000000
2206,7952317166,94568503432507,94568500254985,8333181,6000000
2207,7952325500,94568513047820,94568508586430,8333072,6000000
2208,7952333833,94568521511882,94568516919763,8333088,6000000
2209,7952342166,94568531394226,94568525252934,8333093,6000000
2210,7952350500,94568537643601,94568533585574,8333064,6000000
2211,7952358833,94568545452820,94568541918482,8333054,6000000
2212,7952367166,94568553869382,94568550257793,8333445,6000000
2213,7952375500,94568563903132,94568558591070,8333434,6000000
2214,7952383833,94568572539070,94568566922863,8333331,6000000
2215,7952392166,94568578492507,94568575256405,8333344,6000000
2216,7952400500,94568587595320,94568583588132,8333242,6000000
2217,7952408833,94568595547976,94568591921479,8333248,6000000
2218,7952417166,94568606529851,94568600253220,8333153,6000000
2219,7952425500,94568612591570,94568608586482,8333159,6000000
2220,7952433833,94568620533913,94568616917951,8333053,6000000
2221,7952442166,94568629345476,94568625251209,8333065,6000000
2222,7952450500,94568638319382,94568633583039,8332987,6000000
2223,7952458833,94568644234382,94568641916972,8333046,6000000
2224,7952467166,94568653443757,94568650251475,8333137,6000000
2225,7952475500,94568662030945,94568658585568,8333196,6000000
2226,7952483833,94568671263601,94568666918601,8333185,6000000
2227,7952492166,94568678314226,94568675252849,8333251,6000000
2228,7952500500,94568686471257,94568683585693,8333225,6000000
2229,7952508833,94568695647663,94568691918576,8333203,6000000
2230,7952517166,94568704585476,94568700251075,8333159,6000000
2231,7952525500,94568710618445,94568708584285,8333162,6000000
2232,7952533833,94568719402820,94568716920147,8333330,6000000
2233,7952542166,94568728379382,94568725254173,8333373,6000000
2234,7952550500,94568737493132,94568733587043,8333341,6000000
2235,7952967166,94569158557195,94569150244423,8333189,6000000
2236,7953108833,94569303240476,94569300245743,8333299,6000000
2237,7953508833,94569700392820,94569700252200,8333769,6000000
2238,7953517166,94569705109695,94569700252200,8333769,6000000
2239,7953525500,94569713341101,94569708585548,8333742,6000000
2240,7953533833,94569722360320,94569716911273,8333240,6000000
2241,7953542166,94569727425945,94569725241415,8333046,6000000
2242,7953550500,94569736538601,94569733572658,8332933,6000000
2243,7953558833,94569745134226,94569741905973,8332956,6000000
2244,7953567166,94569757418757,94569758571836,8332954,6000000
2245,7953575500,94569763280788,94569758571836,8332954,6000000
2246,7953583833,94569773384695,94569766905575,8333003,6000000
2247,7953592166,94569779372351,94569775238878,8333021,6000000
2248,7953600500,94569787885163,94569783571839,8333017,6000000
2249,7953608833,94569795820788,94569791904976,8333024,6000000
2250,7953617166,94569805440007,94569800237804,8333011,6000000
2251,7953625500,94569811740788,94569808571141,8333031,6000000
2252,7953633833,94569820229226,94569816904231,8333034,6000000
2253,7953642166,94569829552038,94569825237515,8333049,6000000
2254,7953650500,94569837747663,94569833570623,8333052,6000000
2255,7953667166,94569856316101,94569850235827,8332996,6000000
2256,7953675500,94569861126413,94569858567830,8332933,6000000
2257,7953683833,94569870868445,94569866903529,8333105,6000000
2258,7953692166,94569883377195,94569875235818,8333054,6000000
2259,7953700500,94569888214226,94569883568893,8333055,6000000
2260,7953708833,94569897935945,94569891900674,8332975,6000000
2261,7953717166,94569909097351,94569900234591,8333033,6000000
2262,7953725500,94569913586882,94569908566763,8332979,6000000
2263,7953733833,94569922529851,94569916899747,8332979,6000000
2264,7953742166,94569928451726,94569925236145,8333192,6000000
2265,7953750500,94569937768445,94569933569875,8333225,6000000
2266,7953758833,94569947018913,94569941903202,8333231,6000000
2267,7953767166,94569955707038,94569950237447,8333294,6000000
2268,7953775500,94569964492351,94569958569457,8333213,6000000
2269,7953783833,94569970681882,94569966903439,8333261,6000000
2270,7953792166,94569979618913,94569975235183,8333166,6000000
2271,7953800500,94569988667976,94569983568906,8333200,6000000
2272,7953808833,94569994583757,94569991901264,8333147,6000000
2273,7953817166,94570004268445,94570000235393,8333208,6000000
2274,7953825500,94570012147351,94570008577538,8333766,6000000
2275,7953833833,94570022065788,94570016910062,8333688,6000000
2276,7953842166,94570030452976,94570025241606,8333554,6000000
2277,7953850500,94570036246257,94570033575093,8333549,6000000
2278,7953858833,94570045739695,94570041905925,8333379,6000000
2279,7953867166,94570053668757,94570050238520,8333330,6000000
2280,7953875500,94570064512976,94570058571004,8333277,6000000
2281,7953883833,94570071129382,94570066903805,8333247,6000000
2282,7953892166,94570078590632,94570075235215,8333132,6000000
2283,7953900500,94570087151882,94570083567861,8333101,6000000
2284,7953958833,94570150608757,94570141898206,8333030,6000000
2285,7953975500,94570164735163,94570158562186,8332904,6000000
2286,7954067166,94570254688913,94570250235269,8333363,6000000
2287,7954092166,94570282514382,94570275230960,8333107,6000000
2288,7954100500,94570288864538,94570283565081,8333170,6000000
2289,7954108833,94570297678601,94570291896695,8333072,6000000
2290,7954117166,94570303602820,94570300229215,8333037,6000000
2291,7954142166,94570331402820,94570325232879,8333295,6000000
2292,7954150500,94570337418913,94570333566212,8333297,6000000
2293,7954158833,94570349781257,94570350232144,8333253,6000000
2294,7954167166,94570355397507,94570350232144,8333253,6000000
2295,7954175500,94570362712038,94570358564844,8333218,6000000
2296,7954183833,94570373040320,94570366896858,8333142,6000000
2297,7954192166,94570381379538,94570375229581,8333115,6000000
2298,7954200500,94570387287038,94570383563977,8333195,6000000
2299,7954208833,94570396815320,94570391896891,8333177,6000000
2300,7954217166,94570404841413,94570400237365,8333633,6000000
2301,7954225500,94570415606413,94570416901408,8333434,6000000
2302,7954233833,94570422199382,94570416901408,8333434,6000000
2303,7954242166,94570429778913,94570425233770,8333367,6000000
2304,7954250500,94570438585788,94570433565364,8333256,6000000
2305,7954258833,94570444863132,94570441897249,8333170,6000000
2306,7954267166,94570453525007,94570450228883,8333074,6000000
2307,7954300500,94570488926101,94570483558719,8332929,6000000
2308,7954650500,94570840419695,94570833555017,8333154,6000000
2309,7954892166,94571083438601,94571083554595,8333429,6000000
2310,7954900500,94571089472351,94571083554595,8333429,6000000
2311,7954908833,94571094116570,94571091887840,8333417,6000000
2312,7954917166,94571103792976,94571100223442,8333553,6000000
2313,7954925500,94571114321101,94571108555120,8333435,6000000
2314,7954933833,94571120365788,94571116886228,8333289,6000000
2315,7954942166,94571128407663,94571125218315,8333213,6000000
2316,7954950500,94571138023445,94571133551758,8333227,6000000
2317,7954958833,94571145923288,94571141884558,8333200,6000000
2318,7954967166,94571155595632,94571150217522,8333185,6000000
2319,7954975500,94571163772820,94571158551285,8333221,6000000
2320,7954983833,94571174553288,94571175217798,8333226,6000000
2321,7954992166,94571180592507,94571175217798,8333226,6000000
2322,7955000500,94571188578913,94571183550699,8333205,6000000
2323,7955008833,94571198677663,94571200217300,8333217,6000000
2324,7955017166,94571204720788,94571200217300,8333217,6000000
2325,7955025500,94571212419382,94571208550679,8333227,6000000
2326,7955033833,94571220776882,94571216883536,8333203,6000000
2327,7955042166,94571230400007,94571225216832,8333208,6000000
2328,7955050500,94571239626257,94571233549796,8333192,6000000
2329,7955058833,94571245487663,94571241883192,8333204,6000000
2330,7955067166,94571255354382,94571250216474,8333208,6000000
2331,7955075500,94571262856570,94571258550853,8333281,6000000
2332,7955083833,94571273492507,94571266883950,8333269,6000000
2333,7955092166,94571279473601,94571275218492,8333348,6000000
2334,7955100500,94571287389538,94571283550296,8333251,6000000
2335,7955108833,94571296559070,94571291883329,8333237,6000000
2336,7955117166,94571305559226,94571300215544,8333173,6000000
2337,7955125500,94571311504382,94571308547861,8333119,6000000
2338,7955133833,94571321232038,94571316880839,8333110,6000000
2339,7955142166,94571329741413,94571325212916,8333045,6000000
2340,7955150500,94571339900320,94571333549436,8333262,6000000
2341,7955158833,94571348514382,94571341882908,8333275,6000000
2342,7955167166,94571353365320,94571350215380,8333224,6000000
2343,7955175500,94571364679070,94571358549297,8333267,6000000
2344,7955183833,94571380661257,94571375215786,8333261,6000000
2345,7955192166,94571383197820,94571375215786,8333261,6000000
2346,7955200500,94571391006726,94571383552351,8333467,6000000
2347,7955208833,94571399581101,94571391884449,8333381,6000000
2348,7955217166,94571408391570,94571400217011,8333329,6000000
2349,7955225500,94571412901101,94571408550354,8333329,6000000
2350,7955233833,94571422072038,94571416883939,8333345,6000000
2351,7955242166,94571428366726,94571425215936,8333260,6000000
2352,7955250500,94571438159226,94571433550414,8333336,6000000
2353,7955258833,94571451279226,94571441882651,8333267,6000000
2354,7955267166,94571455243913,94571450216119,8333279,6000000
2355,7955275500,94571464975632,94571458548031,8333193,6000000
2356,7955283833,94571474845476,94571466880842,8333169,6000000
2357,7955292166,94571479115007,94571475212662,8333084,6000000
2358,7955300500,94571492939851,94571483545457,8333065,6000000
2359,7955308833,94571501916570,94571500213122,8333161,6000000
2360,7955317166,94571507495320,94571500213122,8333161,6000000
2361,7955325500,94571515569382,94571508546193,8333155,6000000
2362,7955333833,94571525997195,94571516878944,8333129,6000000
2363,7955342166,94571535567195,94571533546569,8333212,6000000
2364,7955350500,94571543953288,94571541878340,8333121,6000000
2365,7955358833,94571548905476,94571541878340,8333121,6000000
2366,7955367166,94571555069695,94571550214162,8333289,6000000
2367,7955375500,94571563843132,94571558549793,8333435,6000000
2368,7955383833,94571572090788,94571566883196,8333433,6000000
2369,7955392166,94571582411413,94571575215763,8333378,6000000
2370,7955400500,94571587069226,94571583549269,8333386,6000000
2371,7955408833,94571596073601,94571591881332,8333303,6000000
2372,7955417166,94571606403132,94571600215553,8333360,6000000
2373,7955425500,94571614532663,94571608548074,8333307,6000000
2374,7955433833,94571620332507,94571616881330,8333303,6000000
2375,7955442166,94571633282976,94571625214345,8333285,6000000
2376,7955450500,94571643018913,94571633548014,8333309,6000000
2377,7955458833,94571652642820,94571650212931,8333207,6000000
2378,7955467166,94571661643132,94571658546092,8333204,6000000
2379,7955475500,94571672542663,94571666880115,8333255,6000000
2380,7955483833,94571675172820,94571666880115,8333255,6000000
2381,7955492166,94571685931882,94571683545020,8333159,6000000
2382,7955500500,94571690021882,94571683545020,8333159,6000000
2383,7955508833,94571698514226,94571691878110,8333154,6000000
2384,7955517166,94571703207038,94571700211493,8333168,6000000
2385,7955525500,94571712720320,94571708542694,8333045,6000000
2386,7955533833,94571723570476,94571716876408,8333086,6000000
2387,7955542166,94571729496726,94571725210312,8333137,6000000
2388,7955550500,94571736805632,94571733544336,8333192,6000000
2389,7955558833,94571749592507,94571741876296,8333115,6000000
2390,7955567166,94571754318913,94571750210183,8333163,6000000
2391,7955575500,94571763915163,94571758543647,8333181,6000000
2392,7955583833,94571775117038,94571766876124,8333137,6000000
2393,7955592166,94571783157195,94571775208301,8333077,6000000
2394,7955600500,94571792256570,94571783542166,8333126,6000000
2395,7955608833,94571802639538,94571800209808,8333212,6000000
2396,7955617166,94571807231101,94571800209808,8333212,6000000
2397,7955625500,94571820940163,94571816874496,8333108,6000000
2398,7955633833,94571825965320,94571816874496,8333108,6000000
2399,7955642166,94571834817820,94571833540587,8333101,6000000
2400,7955650500,94571844612820,94571841873697,8333101,6000000
2401,7955658833,94571849496570,94571841873697,8333101,6000000
2402,7955667166,94571855652663,94571850207346,8333135,6000000
2403,7955675500,94571863879226,94571858539875,8333097,6000000
2404,7955683833,94571874552663,94571866873751,8333145,6000000
2405,7955692166,94571878087663,94571875205718,8333071,6000000
2406,7955700500,94571886827195,94571883539908,8333140,6000000
2407,7955708833,94571896601413,94571891872189,8333086,6000000
2408,7955717166,94571904997038,94571900206914,8333188,6000000
2409,7955725500,94571918267663,94571916873815,8333224,6000000
2410,7955733833,94571922414226,94571916873815,8333224,6000000
2411,7955742166,94571930302351,94571925210721,8333454,6000000
2412,7955750500,94571938499538,94571933543753,8333427,6000000
2413,7955758833,94571951299538,94571941876435,8333380,6000000
2414,7955767166,94571955587351,94571950210066,8333395,6000000
2415,7955775500,94571967838601,94571958542558,8333338,6000000
2416,7955783833,94571971710476,94571966876319,8333364,6000000
2417,7955792166,94571985347663,94571983542537,8333333,6000000
2418,7955800500,94571989483913,94571983542537,8333333,6000000
2419,7955808833,94571998945007,94571991875027,8333280,6000000
2420,7955817166,94572009755007,94572000207731,8333244,6000000
2421,7955825500,94572013759070,94572008543810,8333421,6000000
2422,7955833833,94572022040320,94572016876216,8333357,6000000
2423,7955842166,94572033674070,94572025212056,8333512,6000000
2424,7955850500,94572037293913,94572033545139,8333485,6000000
2425,7955858833,94572049632038,94572041876414,8333346,6000000
2426,7955867166,94572054197663,94572050208527,8333268,6000000
2427,7955875500,94572064692195,94572058541136,8333226,6000000
2428,7955883833,94572070808601,94572066875955,8333325,6000000
2429,7955892166,94572079650320,94572075208062,8333248,6000000
2430,7955900500,94572087872507,94572083540610,8333204,6000000
2431,7955908833,94572097647663,94572091874495,8333246,6000000
2432,7955917166,94572106976726,94572100207869,8333254,6000000
2433,7955925500,94572111339382,94572108540342,8333205,6000000
2434,7955933833,94572121140945,94572116873357,8333193,6000000
2435,7955942166,94572134520945,94572125205507,8333127,6000000
2436,7955950500,94572138959226,94572133538174,8333098,6000000
2437,7955958833,94572150651882,94572141871470,8333110,6000000
2438,7955967166,94572154275476,94572150204678,8333116,6000000
2439,7955975500,94572168183757,94572166868763,8332988,6000000
2440,7955983833,94572171644695,94572166868763,8332988,6000000
2441,7955992166,94572182439226,94572175203488,8333096,6000000
2442,7956000500,94572191463601,94572183536169,8333070,6000000
2443,7956008833,94572195743445,94572191872075,8333247,6000000
2444,7956017166,94572206013132,94572200204701,8333208,6000000
2445,7956025500,94572214923757,94572208537819,8333202,6000000
2446,7956033833,94572224453757,94572216870814,8333189,6000000
2447,7956042166,94572228939070,94572225204010,8333189,6000000
2448,7956050500,94572238742976,94572233537935,8333235,6000000
2449,7956058833,94572244495945,94572241870549,8333196,6000000
2450,7956067166,94572256484538,94572250204100,8333218,6000000
2451,7956075500,94572262304226,94572258536265,8333152,6000000
2452,7956083833,94572272471413,94572266869608,8333163,6000000
2453,7956092166,94572280606882,94572275201867,8333106,6000000
2454,7956100500,94572286406413,94572283535939,8333166,6000000
2455,7956108833,94572298807507,94572291868016,8333097,6000000
2456,7956117166,94572303226101,94572300201752,8333136,6000000
2457,7956125500,94572314616101,94572308535753,8333190,6000000
2458,7956133833,94572323304851,94572316869564,8333228,6000000
2459,7956142166,94572331424538,94572325200999,8333115,6000000
2460,7956150500,94572342907820,94572333534784,8333156,6000000
2461,7956158833,94572346272820,94572341869405,8333247,6000000
2462,7956167166,94572359843132,94572358536571,8333284,6000000
2463,7956175500,94572363950007,94572358536571,8333284,6000000
2464,7956183833,94572373955007,94572366869907,8333287,6000000
2465,7956192166,94572378359382,94572375202888,8333267,6000000
2466,7956200500,94572388763132,94572383536582,8333293,6000000
2467,7956208833,94572394807663,94572391870060,8333304,6000000
2468,7956217166,94572403385945,94572400203446,8333309,6000000
2469,7956225500,94572411720788,94572408536334,8333282,6000000
2470,7956233833,94572422017351,94572416870159,8333315,6000000
2471,7956242166,94572430702976,94572425203438,8333312,6000000
2472,7956250500,94572436390632,94572433537206,8333340,6000000
2473,7956258833,94572445652820,94572441868580,8333217,6000000
2474,7956267166,94572454190320,94572450202464,8333258,6000000
2475,7956275500,94572467231570,94572458535380,8333236,6000000
2476,7956283833,94572471301413,94572466868353,8333219,6000000
2477,7956292166,94572481483132,94572475200825,8333172,6000000
2478,7956300500,94572486124070,94572483533945,8333168,6000000
2479,7956308833,94572496758132,94572491865745,8333082,6000000
2480,7956317166,94572505365788,94572500199115,8333100,6000000
2481,7956325500,94572515521570,94572508532189,8333098,6000000
2482,7956333833,94572520424851,94572516864837,8333069,6000000
2483,7956342166,94572528833288,94572525197975,8333073,6000000
2484,7956350500,94572539354538,94572533530432,8333034,6000000
2485,7956358833,94572545376726,94572541863189,8333016,6000000
2486,7956367166,94572553890320,94572550197211,8333078,6000000
2487,7956375500,94572562163445,94572558529636,8333037,6000000
2488,7956383833,94572574437195,94572566864116,8333127,6000000
2489,7956392166,94572579180945,94572575196469,8333078,6000000
2490,7956400500,94572588975476,94572583530544,8333140,6000000
2491,7956408833,94572595484851,94572591863290,8333115,6000000
2492,7956417166,94572604666726,94572600197786,8333201,6000000
2493,7956425500,94572612992351,94572608530214,8333152,6000000
2494,7956433833,94572622797663,94572616864431,8333218,6000000
2495,7956442166,94572631483913,94572625198158,8333249,6000000
2496,7956450500,94572636109851,94572633531506,8333255,6000000
2497,7956458833,94572646617351,94572641864366,8333230,6000000
2498,7956467166,94572655878913,94572650198337,8333276,6000000
2499,7956475500,94572661559538,94572658530670,8333217,6000000
2500,7956483833,94572670908913,94572666864105,8333230,6000000
2501,7956492166,94572678825476,94572675197304,8333228,6000000
2502,7956500500,94572689512663,94572683530338,8333215,6000000
2503,7956508833,94572695386570,94572691863139,8333189,6000000
2504,7956517166,94572707002976,94572700196422,8333194,6000000
2505,7956525500,94572715454851,94572708529170,8333166,6000000
2506,7956533833,94572721629070,94572716862200,8333157,6000000
2507,7956542166,94572726217351,94572716862200,8333157,6000000
2508,7956550500,94572739710007,94572733529364,8333212,6000000
2509,7956558833,94572746887195,94572741863485,8333268,6000000
2510,7956567166,94572754073445,94572750197903,8333339,6000000
2511,7956575500,94572764134695,94572758529952,8333258,6000000
2512,7956583833,94572771862820,94572766862982,8333243,6000000
2513,7956592166,94572781606882,94572775195458,8333195,6000000
2514,7956600500,94572788074851,94572783530172,8333289,6000000
2515,7956608833,94572795782820,94572791863246,8333275,6000000
2516,7956617166,94572805803288,94572800196622,8333281,6000000
2517,7956625500,94572815116726,94572808529903,8333281,6000000
2518,7956633833,94572821185945,94572816862545,8333241,6000000
2519,7956642166,94572833402195,94572825194738,8333175,6000000
2520,7956650500,94572843728132,94572833528594,8333217,6000000
2521,7956658833,94572848433757,94572841862206,8333241,6000000
2522,7956667166,94572858685632,94572850196794,8333325,6000000
2523,7956675500,94572865434226,94572858530468,8333346,6000000
2524,7956683833,94572874526882,94572866864531,8333390,6000000
2525,7956692166,94572879129851,94572875196934,8333328,6000000
2526,7956700500,94572886569851,94572883528802,8333236,6000000
2527,7956708833,94572895816726,94572891860934,8333167,6000000
2528,7956717166,94572904403601,94572900194597,8333198,6000000
2529,7956725500,94572911847507,94572908527517,8333180,6000000
2530,7956733833,94572919773757,94572916861602,8333236,6000000
2531,7956742166,94572928766570,94572925194997,8333245,6000000
2532,7956750500,94572937310163,94572933528172,8333240,6000000
2533,7956758833,94572946784851,94572941860659,8333192,6000000
2534,7956767166,94572955442038,94572950194673,8333243,6000000
2535,7956775500,94572966083132,94572958526567,8333158,6000000
2536,7956783833,94572973565945,94572966860122,8333182,6000000
2537,7956792166,94572982625476,94572975193295,8333181,6000000
2538,7956800500,94572989501726,94572983526054,8333154,6000000
2539,7956808833,94572995434070,94572991858202,8333091,6000000
2540,7956817166,94573003271882,94573000192246,8333150,6000000
2541,7956825500,94573012943601,94573008525006,8333125,6000000
2542,7956833833,94573020839070,94573016859075,8333184,6000000
2543,7956842166,94573031926570,94573025192703,8333211,6000000
2544,7956850500,94573037637976,94573033527323,8333299,6000000
2545,7956858833,94573045367663,94573041859511,8333229,6000000
2546,7956867166,94573058108132,94573050192624,8333221,6000000
2547,7956875500,94573062290632,94573058524487,8333136,6000000
2548,7956883833,94573071820788,94573066858214,8333172,6000000
2549,7956892166,94573082729695,94573075190411,8333111,6000000
2550,7956900500,94573091038445,94573083523958,8333138,6000000
2551,7956908833,94573095227976,94573091857126,8333139,6000000
2552,7956917166,94573105730632,94573100191428,8333211,6000000
2553,7956925500,94573110610476,94573108524589,8333207,6000000
2554,7956933833,94573120362195,94573116858386,8333243,6000000
2555,7956942166,94573132467507,94573125192195,8333278,6000000
2556,7956950500,94573137322038,94573133524878,8333240,6000000
2557,7956958833,94573144895945,94573141857766,8333218,6000000
2558,7956967166,94573153403601,94573150191661,8333260,6000000
2559,7956975500,94573163911101,94573158524589,8333239,6000000
2560,7956983833,94573169544538,94573166858580,8333286,6000000
2561,7956992166,94573178415788,94573175191103,8333238,6000000
2562,7957000500,94573186386882,94573183524670,8333258,6000000
2563,7957008833,94573195639226,94573191858299,8333281,6000000
2564,7957017166,94573203765007,94573200192541,8333341,6000000
2565,7957025500,94573214545163,94573208524488,8333253,6000000
2566,7957033833,94573220318288,94573216857621,8333245,6000000
2567,7957042166,94573228767507,94573225191203,8333266,6000000
2568,7957050500,94573237315007,94573233524558,8333271,6000000
2569,7957058833,94573247580007,94573241856693,8333200,6000000
2570,7957067166,94573253121257,94573250189825,8333195,6000000
2571,7957075500,94573261516413,94573258521882,8333123,6000000
2572,7957083833,94573270785632,94573266855521,8333155,6000000
2573,7957092166,94573279331882,94573275187854,8333103,6000000
2574,7957100500,94573288880632,94573283521766,8333153,6000000
2575,7957108833,94573297751726,94573291856163,8333230,6000000
2576,7957117166,94573303861101,94573300189620,8333244,6000000
2577,7957125500,94573313197820,94573308521922,8333185,6000000
2578,7957133833,94573320762038,94573316855558,8333213,6000000
2579,7957142166,94573331174070,94573325190551,8333324,6000000
2580,7957158833,94573349369070,94573341857034,8333311,6000000
2581,7957175500,94573367212507,94573358524234,8333345,6000000
2582,7957192166,94573381592195,94573375189478,8333255,6000000
2583,7957200500,94573387567351,94573383522287,8333227,6000000
2584,7957208833,94573397974226,94573391856131,8333265,6000000
2585,7957217166,94573405084538,94573400189373,8333263,6000000
2586,7957225500,94573411228913,94573408523565,8333321,6000000
2587,7957233833,94573421141570,94573416855451,8333231,6000000
2588,7957250500,94573439487038,94573433521214,8333191,6000000
2589,7957258833,94573445909851,94573441853030,8333105,6000000
2590,7957267166,94573453610476,94573450187483,8333189,6000000
2591,7957275500,94573461949851,94573458519582,8333120,6000000
2592,7957283833,94573472727038,94573466852398,8333101,6000000
2593,7957292166,94573479270632,94573475184717,8333052,6000000
2594,7957300500,94573486887820,94573483517949,8333063,6000000
2595,7957308833,94573495669382,94573491851862,8333116,6000000
2596,7957317166,94573504684851,94573500185981,8333178,6000000
2597,7957325500,94573511171101,94573508518185,8333117,6000000
2598,7957333833,94573520040788,94573516851518,8333130,6000000
2599,7957342166,94573528293757,94573525185575,8333187,6000000
2600,7957350500,94573538159226,94573533519348,8333223,6000000
2601,7957358833,94573545879070,94573541852846,8333240,6000000
2602,7957367166,94573556777976,94573550184954,8333169,6000000
2603,7957375500,94573562835320,94573558517718,8333143,6000000
2604,7957383833,94573570558913,94573566853065,8333280,6000000
2605,7957392166,94573579989070,94573575187701,8333364,6000000
2606,7957400500,94573588608445,94573583523532,8333518,6000000
2607,7957408833,94573594550163,94573591855697,8333433,6000000
2608,7957417166,94573603703288,94573600187956,8333359,6000000
2609,7957425500,94573612312820,94573608521077,8333344,6000000
2610,7957433833,94573621818913,94573616852694,8333236,6000000
2611,7957442166,94573630488913,94573625186231,8333254,6000000
2612,7957450500,94573636391257,94573633520671,8333328,6000000
2613,7957550500,94573741664695,94573741846081,8333044,6000000
2614,7957583833,94573771625632,94573766848167,8333209,6000000
2615,7957892166,94574087650632,94574083510619,8333177,6000000
2616,7957917166,94574111986726,94574108509779,8333153,6000000
2617,7957925500,94574119304382,94574116842950,8333154,6000000
2618,7957933833,94574125642507,94574116842950,8333154,6000000
2619,7957942166,94574138572038,94574133513284,8333405,6000000
2620,7957950500,94574142699070,94574133513284,8333405,6000000
2621,7957958833,94574151729851,94574141846551,8333396,6000000
2622,7957967166,94574161093288,94574150182818,8333575,6000000
2623,7957975500,94574169101726,94574166849698,8333559,6000000
2624,7957983833,94574175028288,94574166849698,8333559,6000000
2625,7957992166,94574184341257,94574175185435,8333695,6000000
2626,7958000500,94574191434070,94574183518306,8333643,6000000
2627,7958008833,94574200897195,94574191851157,8333593,6000000
2628,7958017166,94574209352195,94574200183563,8333518,6000000
2629,7958025500,94574219397663,94574216853149,8333677,6000000
2630,7958033833,94574226742195,94574216853149,8333677,6000000
2631,7958042166,94574233425163,94574225185860,8333616,6000000
2632,7958050500,94574242517507,94574233518663,8333565,6000000
2633,7958058833,94574250835945,94574241851213,8333501,6000000
2634,7958067166,94574255928288,94574250184129,8333464,6000000
2635,7958075500,94574264948601,94574258516791,8333413,6000000
2636,7958083833,94574274250320,94574266849161,8333347,6000000
2637,7958092166,94574282867507,94574275181974,8333313,6000000
2638,7958100500,94574291819538,94574283515280,8333312,6000000
2639,7958108833,94574296787038,94574291847443,8333240,6000000
2640,7958117166,94574307823913,94574300176570,8332982,6000000
2641,7958125500,94574316353757,94574308509520,8332980,6000000
2642,7958133833,94574324663757,94574316841131,8332894,6000000
2643,7958142166,94574330992820,94574325173573,8332865,6000000
2644,7958150500,94574340390007,94574333506484,8332867,6000000
2645,7958450500,94574639111257,94574633499691,8333054,6000000
2646,7958458833,94574647889695,94574641834806,8333182,6000000
2647,7958467166,94574653981257,94574650167873,8333174,6000000
2648,7958475500,94574662812976,94574658506392,8333508,6000000
2649,7958483833,94574670899538,94574666838139,8333397,6000000
2650,7958492166,94574680930007,94574675170048,8333304,6000000
2651,7958500500,94574687038913,94574683513634,8333946,6000000
2652,7958508833,94574699782038,94574700176152,8333624,6000000
2653,7958517166,94574705883132,94574700176152,8333624,6000000
2654,7958525500,94574713714070,94574708507534,8333483,6000000
2655,7958533833,94574720659070,94574716840449,8333447,6000000
2656,7958542166,94574729001570,94574725174146,8333462,6000000
2657,7958550500,94574736973132,94574733506569,8333397,6000000
2658,7958558833,94574747659538,94574741838991,8333336,6000000
2659,7958567166,94574753699382,94574750171432,8333280,6000000
2660,7958575500,94574761411101,94574758503914,8333230,6000000
2661,7958583833,94574770741726,94574766836799,8333208,6000000
2662,7958592166,94574778853132,94574775169334,8333165,6000000
2663,7958600500,94574790030007,94574783502394,8333158,6000000
2664,7958608833,94574795888132,94574791834776,8333109,6000000
2665,7958617166,94574804023132,94574800166731,8333036,6000000
2666,7958625500,94574812855632,94574808496415,8332826,6000000
2667,7958633833,94574821848757,94574816827714,8332730,6000000
2668,7958642166,94574827640788,94574825159565,8332675,6000000
2669,7958650500,94574837042195,94574833491266,8332614,6000000
2670,7958658833,94574845560163,94574841831240,8333074,6000000
2671,7958667166,94574854956413,94574850163630,8333031,6000000
2672,7958675500,94574863176882,94574858496963,8333049,6000000
2673,7958683833,94574873731257,94574875165029,8333169,6000000
2674,7958692166,94574879586257,94574875165029,8333169,6000000
2675,7958700500,94574891642507,94574891835976,8333456,6000000
2676,7958708833,94574900280007,94574900169733,8333474,6000000
2677,7958717166,94574905356413,94574900169733,8333474,6000000
2678,7958725500,94574915646726,94574916835906,8333427,6000000
2679,7958733833,94574924860632,94574925167894,8333337,6000000
2680,7958742166,94574929083288,94574925167894,8333337,6000000
2681,7958750500,94574939381101,94574933500513,8333292,6000000
2682,7958758833,94574947564226,94574941832849,8333232,6000000
2683,7958767166,94574957688132,94574958498629,8333189,6000000
2684,7958775500,94574966945788,94574966832013,8333201,6000000
2685,7958783833,94574975710788,94574975164894,8333181,6000000
2686,7958792166,94574983577976,94574983498675,8333218,6000000
2687,7958800500,94574990030632,94574983498675,8333218,6000000
2688,7958808833,94574999584538,94575000162731,8333075,6000000
2689,7958817166,94575013182507,94575008495000,8333024,6000000
2690,7958825500,94575017398601,94575016828509,8333054,6000000
2691,7958833833,94575026126257,94575025161046,8333021,6000000
2692,7958842166,94575030659226,94575025161046,8333021,6000000
2693,7958850500,94575041481101,94575041829091,8333143,6000000
2694,7958858833,94575051370632,94575050161592,8333102,6000000
2695,7958867166,94575060717351,94575058497564,8333281,6000000
2696,7958875500,94575073287820,94575066831824,8333342,6000000
2697,7958883833,94575077914851,94575075164703,8333313,6000000
2698,7958892166,94575088725007,94575083503881,8333679,6000000
2699,7958900500,94575096122820,94575091836754,8333628,6000000
2700,7958908833,94575107025007,94575108501480,8333476,6000000
2701,7958925500,94575129856570,94575125169313,8333531,6000000
2702,7958933833,94575133537507,94575133501912,8333472,6000000
2703,7958942166,94575144864070,94575141835071,8333452,6000000
2704,7958950500,94575152578757,94575150168594,8333456,6000000
2705,7958958833,94575157964070,94575158500270,8333344,6000000
2706,7958967166,94575166139851,94575166831887,8333236,6000000
2707,7958975500,94575172060320,94575166831887,8333236,6000000
2708,7958983833,94575182963913,94575183495712,8333075,6000000
2709,7958992166,94575189740007,94575183495712,8333075,6000000
2710,7959000500,94575200484695,94575191831223,8333227,6000000
2711,7959017166,94575219512820,94575216828001,8333051,6000000
2712,7959025500,94575224404695,94575216828001,8333051,6000000
2713,7959033833,94575229762976,94575225161035,8333049,6000000
2714,7959042166,94575238409070,94575233491889,8332911,6000000
2715,7959050500,94575249145788,94575241824752,8332908,6000000
2716,7959058833,94575256000320,94575250161348,8333138,6000000
2717,7959067166,94575268516726,94575266827034,8333099,6000000
2718,7959075500,94575274900788,94575266827034,8333099,6000000
2719,7959083833,94575280796882,94575275160568,8333126,6000000
2720,7959092166,94575289061570,94575283493220,8333096,6000000
2721,7959108833,94575305939538,94575300159356,8333092,6000000
2722,7959117166,94575313051882,94575308493224,8333140,6000000
2723,7959125500,94575325222351,94575316826369,8333140,6000000
2724,7959133833,94575331894226,94575325161549,8333267,6000000
2725,7959142166,94575339790476,94575333494796,8333265,6000000
2726,7959150500,94575346408913,94575341826975,8333197,6000000
2727,7959158833,94575359199382,94575350158799,8333111,6000000
2728,7959167166,94575363036413,94575358490828,8333043,6000000
2729,7959175500,94575377425007,94575375159637,8333202,6000000
2730,7959183833,94575380707507,94575375159637,8333202,6000000
2731,7959200500,94575398561101,94575391828611,8333356,6000000
2732,7959208833,94575408836257,94575400172055,8333986,6000000
2733,7959217166,94575424431257,94575416847932,8334480,6000000
2734,7959225500,94575427263445,94575425182278,8334471,6000000
2735,7959233833,94575430588288,94575425182278,8334471,6000000
2736,7959242166,94575443354695,94575441845513,8334114,6000000
2737,7959250500,94575445729538,94575441845513,8334114,6000000
2738,7959267166,94575458607195,94575450179649,8334115,6000000
2739,7959275500,94575465328757,94575458511308,8333961,6000000
2746,7961400500,94577587117976,94577583472970,8338620,6000000
2747,7961408833,94577596526413,94577591797246,8337723,6000000
2748,7961417166,94577605959538,94577600130579,8337448,6000000
2749,7961425500,94577611654226,94577608463912,8337190,6000000
2750,7961433833,94577620904851,94577616797245,8336948,6000000
2751,7961442166,94577628924382,94577625130578,8336722,6000000
2752,7961450500,94577640260007,94577633461089,8336333,6000000
2753,7961458833,94577646087351,94577641794200,8336131,6000000
2754,7961467166,94577653745320,94577650127311,8335942,6000000
2755,7961475500,94577662178132,94577658471393,8336450,6000000
2756,7961483833,94577672708132,94577666797638,8335812,6000000
2757,7961492166,94577678613913,94577675135180,8335920,6000000
2758,7961500500,94577686334538,94577683465149,8335548,6000000
2759,7961508833,94577695939226,94577691802133,8335637,6000000
2760,7961517166,94577704378288,94577700128968,8335086,6000000
2761,7961525500,94577713892976,94577708465888,8335200,6000000
2762,7961533833,94577720319851,94577716797774,8334992,6000000
2763,7961542166,94577728583445,94577725128186,8334705,6000000
2764,7961550500,94577737804538,94577733460497,8334555,6000000
2765,7961558833,94577746423913,94577741793642,8334466,6000000
2766,7961567166,94577755927820,94577750135094,8334902,6000000
2767,7961575500,94577762932663,94577758464145,8334536,6000000
2768,7961583833,94577770314226,94577766794851,8334296,6000000
2769,7961592166,94577779841726,94577775128627,8334263,6000000
2770,7961600500,94577788777507,94577783460881,8334137,6000000
2771,7961608833,94577793397351,94577791793928,8334068,6000000
2772,7961617166,94577803897038,94577800127165,8334016,6000000
2773,7961625500,94577812253757,94577808460456,8333970,6000000
2774,7961633833,94577821858913,94577816792788,8333867,6000000
2775,7961642166,94577830023601,94577825126399,8333851,6000000
2776,7961650500,94577840808913,94577833459099,8333779,6000000
2777,7961658833,94577846688445,94577841792519,8333756,6000000
2778,7961667166,94577854047663,94577850126188,8333750,6000000
2779,7961675500,94577864485476,94577858459502,8333722,6000000
2780,7961683833,94577872488913,94577866791863,8333636,6000000
2781,7961692166,94577879174538,94577875125368,8333627,6000000
2782,7961700500,94577888264695,94577883457875,8333557,6000000
2783,7961708833,94577896168913,94577891791758,8333577,6000000
2784,7961717166,94577905796101,94577900123393,8333455,6000000
2785,7961725500,94577912192820,94577908456633,8333441,6000000
2786,7961733833,94577920484695,94577916790741,8333482,6000000
2787,7961742166,94577929590320,94577925124650,8333508,6000000
2788,7961750500,94577937961413,94577933457505,8333467,6000000
2789,7961758833,94577948887195,94577941790296,8333424,6000000
2790,7961767166,94577954939382,94577950122562,8333351,6000000
2791,7961775500,94577962248288,94577958456093,8333362,6000000
2792,7961783833,94577971954382,94577966789543,8333367,6000000
2793,7961792166,94577980909851,94577975122303,8333329,6000000
2794,7961800500,94577986658445,94577983455660,8333330,6000000
2795,7961808833,94577995669070,94577991789414,8333356,6000000
2796,7961817166,94578004841257,94578000122142,8333316,6000000
2797,7961825500,94578013437663,94578008455466,8333316,6000000
2798,7961833833,94578023659070,94578016787982,8333266,6000000
2799,7961842166,94578030092195,94578025122038,8333315,6000000
2800,7961850500,94578037353601,94578033454510,8333262,6000000
2801,7961858833,94578046807663,94578041788627,8333315,6000000
2802,7961867166,94578054983757,94578050122212,8333331,6000000
2803,7961875500,94578065737663,94578058456194,8333371,6000000
2804,7961883833,94578071648132,94578066788651,8333313,6000000
2805,7961892166,94578078925163,94578075121868,8333307,6000000
2806,7961900500,94578089712663,94578083454027,8333235,6000000
2807,7961908833,94578095543132,94578091787931,8333276,6000000
2808,7961917166,94578103569851,94578100120725,8333245,6000000
2809,7961925500,94578112788288,94578108454125,8333254,6000000
2810,7961933833,94578121001726,94578116786711,8333212,6000000
2811,7961942166,94578130862507,94578125120739,8333263,6000000
2812,7961950500,94578137331101,94578133454155,8333272,6000000
2813,7961958833,94578144968288,94578141786130,8333190,6000000
2814,7961967166,94578154884695,94578150119000,8333170,6000000
2815,7961975500,94578163340788,94578158452994,8333221,6000000
2816,7961983833,94578169569382,94578166785803,8333195,6000000
2817,7961992166,94578179064070,94578175120270,8333274,6000000
2818,7962000500,94578187202663,94578183452720,8333222,6000000
2819,7962008833,94578196696413,94578191786871,8333280,6000000
2820,7962017166,94578203923132,94578200119845,8333260,6000000
2821,7962025500,94578212096413,94578208453734,8333299,6000000
2822,7962033833,94578219999070,94578216786465,8333263,6000000
2823,7962042166,94578229730476,94578225120629,8333319,6000000
2824,7962050500,94578238565632,94578233453542,8333293,6000000
2825,7962058833,94578246442351,94578241787387,8333327,6000000
2826,7962067166,94578253838601,94578250120039,8333284,6000000
2827,7962075500,94578262255320,94578258453712,8333308,6000000
2828,7962083833,94578271900320,94578266787085,8333312,6000000
2829,7962092166,94578280123288,94578275120376,8333310,6000000
2830,7962100500,94578286506413,94578283453519,8333299,6000000
2831,7962108833,94578295680476,94578291787431,8333337,6000000
2832,7962117166,94578304788757,94578300120149,8333298,6000000
2833,7962125500,94578313090007,94578308453132,8333278,6000000
2834,7962133833,94578322885632,94578316785472,8333219,6000000
2835,7962142166,94578329121101,94578325119244,8333253,6000000
2836,7962150500,94578337146257,94578333451595,8333196,6000000
2837,7962158833,94578346737038,94578341785017,8333210,6000000
2838,7962167166,94578354909538,94578350117576,8333169,6000000
2839,7962175500,94578364863132,94578358451375,8333208,6000000
2840,7962183833,94578372180320,94578366784241,8333186,6000000
2841,7962192166,94578380930320,94578375118126,8333229,6000000
2842,7962608833,94578796719851,94578791786275,8333326,6000000
2843,7962617166,94578802525945,94578800119601,8333326,6000000
2844,7962642166,94578833583445,94578825123069,8333530,6000000
2845,7962650500,94578837624382,94578833456450,8333520,6000000
2846,7962658833,94578847848601,94578841789831,8333511,6000000
2847,7962667166,94578858073601,94578850110613,8332715,6000000
2848,7962675500,94578863177663,94578858443807,8332744,6000000
2849,7962683833,94578872338601,94578866777065,8332776,6000000
2850,7962692166,94578881910163,94578875111888,8332903,6000000
2851,7962700500,94578890128601,94578883444954,8332913,6000000
2852,7962708833,94578899990320,94578891778140,8332930,6000000
2853,7962717166,94578905180007,94578900111334,8332946,6000000
2854,7962725500,94578914078913,94578908444764,8332976,6000000
2855,7962733833,94578924324538,94578916777347,8332951,6000000
2856,7962742166,94578951392507,94578941777255,8333011,6000000
2857,7962750500,94578953974695,94578950110446,8333022,6000000
2858,7962758833,94578956767195,94578950110446,8333022,6000000
2859,7962767166,94578959791882,94578950110446,8333022,6000000
2860,7962775500,94578965284070,94578958443637,8333032,6000000
2861,7962783833,94578973856570,94578966776830,8333042,6000000
2862,7962792166,94578979233601,94578975110010,8333050,6000000
2863,7962800500,94578992813913,94578983443190,8333058,6000000
2864,7962808833,94578997243601,94578991776328,8333063,6000000
2865,7962817166,94579008023132,94579000109688,8333081,6000000
2866,7962825500,94579016087351,94579008442960,8333092,6000000
2867,7962833833,94579021137663,94579016776346,8333110,6000000
2868,7962842166,94579031940476,94579025109791,8333130,6000000
2869,7962850500,94579040227663,94579033442775,8333120,6000000
2870,7962858833,94579045225476,94579041773982,8333000,6000000
2871,7962867166,94579056361726,94579050106323,8332958,6000000
2872,7962875500,94579064593757,94579058439966,8333000,6000000
2873,7962883833,94579073007507,94579066773329,8333022,6000000
2874,7962892166,94579078244695,94579075107502,8333093,6000000
2875,7962900500,94579089042507,94579083441178,8333129,6000000
2876,7962908833,94579097225945,94579091774645,8333150,6000000
2877,7962917166,94579106963288,94579100106819,8333089,6000000
2878,7962925500,94579115636101,94579108441119,8333164,6000000
2879,7962933833,94579120243445,94579116773326,8333104,6000000
2880,7962942166,94579130885476,94579125107839,8333192,6000000
2881,7962950500,94579140328757,94579133441812,8333240,6000000
2882,7962958833,94579149251570,94579141775572,8333272,6000000
2883,7962967166,94579157808132,94579150108117,8333226,6000000
2884,7962975500,94579162263757,94579158441879,8333259,6000000
2885,7962983833,94579173086413,94579166774708,8333232,6000000
2886,7962992166,94579180970476,94579175109125,8333306,6000000
2887,7963000500,94579186288445,94579183442135,8333287,6000000
2888,7963008833,94579196872976,94579191775460,8333289,6000000
2889,7963017166,94579204875163,94579200108853,8333295,6000000
2890,7963025500,94579214724226,94579208442199,8333298,6000000
2891,7963042166,94579232843601,94579225108300,8333268,6000000
2892,7963050500,94579237275476,94579233441041,8333235,6000000
2893,7963058833,94579247292038,94579241772683,8333135,6000000
2894,7963075500,94579268628913,94579258438169,8333088,6000000
2895,7963100500,94579289014851,94579283437449,8333088,6000000
2896,7963117166,94579307097507,94579300103883,8333102,6000000
2897,7963125500,94579317110320,94579308437008,8333103,6000000
2898,7963133833,94579322185320,94579316771557,8333193,6000000
2899,7963142166,94579331020007,94579325104752,8333193,6000000
2900,7963150500,94579340817038,94579333437796,8333183,6000000
2901,7963158833,94579348967820,94579341770965,8333182,6000000
2902,7963167166,94579354259226,94579350106081,8333302,6000000
2903,7963175500,94579364876726,94579358439730,8333323,6000000
2904,7963183833,94579373250007,94579366773635,8333359,6000000
2905,7963192166,94579378243288,94579375106058,8333300,6000000
2906,7963200500,94579388960163,94579383439524,8333310,6000000
2907,7963208833,94579397656882,94579391772892,8333313,6000000
2908,7963217166,94579406515632,94579400106175,8333311,6000000
2909,7963225500,94579416038913,94579408439649,8333321,6000000
2910,7963233833,94579421242351,94579416772964,8333320,6000000
2911,7963242166,94579430136257,94579425106547,8333336,6000000
2912,7963258833,94579452413445,94579450103829,8333176,6000000
2913,7963267166,94579455084070,94579450103829,8333176,6000000
2914,7963275500,94579463926413,94579458436625,8333152,6000000
2915,7963283833,94579472250163,94579466769830,8333155,6000000
2916,7963292166,94579481900007,94579475101802,8333081,6000000
2917,7963300500,94579491052038,94579483434920,8333083,6000000
2918,7963308833,94579496174538,94579491767918,8333077,6000000
2919,7963325500,94579517092663,94579508432138,8332959,6000000
2920,7963342166,94579532926570,94579525097793,8332944,6000000
2921,7963350500,94579538412038,94579533430741,8332944,6000000
2922,7963358833,94579547036413,94579541765746,8333072,6000000
2923,7963367166,94579556921570,94579550098807,8333071,6000000
2924,7963375500,94579565033913,94579558432953,8333138,6000000
2925,7963383833,94579570225945,94579566766077,8333137,6000000
2926,7963392166,94579581303913,94579575099618,8333162,6000000
2927,7963400500,94579589440163,94579583433693,8333219,6000000
2928,7963417166,94579611076257,94579608435536,8333346,6000000
2929,7963442166,94579634682507,94579625101668,8333312,6000000
2930,7963492166,94579685776726,94579683432890,8333212,6000000
2931,7963500500,94579688289382,94579683432890,8333212,6000000
2932,7963508833,94579697425945,94579691766130,8333213,6000000
2933,7963517166,94579707044538,94579700099370,8333214,6000000
2934,7963525500,94579715365007,94579708433055,8333243,6000000
2935,7963542166,94579733464695,94579725102417,8333422,6000000
2936,7963558833,94579749265632,94579741769433,8333435,6000000
2937,7963567166,94579757385320,94579750102809,8333431,6000000
2938,7963742166,94579937930945,94579933432865,8333275,6000000
2939,7963825500,94580020374851,94580016765249,8333256,6000000
2940,7963833833,94580027478757,94580025098522,8333257,6000000
2941,7963983833,94580178358288,94580175103575,8333426,6000000
2942,7964117166,94580305594382,94580300104678,8333405,6000000
2943,7964125500,94580315742507,94580308438053,8333403,6000000
2944,7964133833,94580321689070,94580316771428,8333401,6000000
2945,7964142166,94580329845788,94580325104803,8333399,6000000
2946,7964150500,94580339189851,94580333433400,8333098,6000000
2947,7964158833,94580347828132,94580341766717,8333111,6000000
2948,7964167166,94580352697663,94580350094377,8332770,6000000
2949,7964175500,94580363243132,94580358426631,8332737,6000000
2950,7964183833,94580372193445,94580366759145,8332723,6000000
2951,7964192166,94580381298132,94580375092372,8332754,6000000
2952,7964200500,94580389766570,94580383425151,8332755,6000000
2953,7964208833,94580395811413,94580391758362,8332783,6000000
2954,7964217166,94580405096882,94580400091786,8332823,6000000
2955,7964225500,94580414122351,94580408424352,8332806,6000000
2956,7964233833,94580422562351,94580416757763,8332843,6000000
2957,7964242166,94580431966413,94580425091413,8332893,6000000
2958,7964250500,94580440813913,94580433424411,8332899,6000000
2959,7964258833,94580445286257,94580441757180,8332890,6000000
2960,7964267166,94580456160788,94580450090187,8332897,6000000
2961,7964275500,94580464957663,94580458422870,8332883,6000000
2962,7964283833,94580470886101,94580466756033,8332900,6000000
2963,7964292166,94580480443601,94580475088487,8332872,6000000
2964,7964300500,94580488403445,94580483421616,8332888,6000000
2965,7964308833,94580497973757,94580491753833,8332846,6000000
2966,7964317166,94580506893288,94580500087416,8332892,6000000
2967,7964325500,94580511567663,94580508421548,8332969,6000000
2968,7964333833,94580521884695,94580516755279,8333016,6000000
2969,7964342166,94580530477038,94580525088955,8333057,6000000
2970,7964350500,94580540770632,94580533422190,8333068,6000000
2971,7964358833,94580547103445,94580541754590,8333026,6000000
2972,7964367166,94580554650945,94580550087750,8333034,6000000
2973,7964375500,94580564141413,94580558420398,8333009,6000000
2974,7964383833,94580572277820,94580566753661,8333024,6000000
2975,7964408833,94580596230163,94580591755097,8333159,6000000
2976,7964425500,94580617832195,94580608421757,8333179,6000000
2977,7964433833,94580624900945,94580616755016,8333184,6000000
2978,7964442166,94580628310632,94580625086632,8333086,6000000
2979,7964450500,94580639141882,94580633419832,8333093,6000000
2980,7964458833,94580647309382,94580641751789,8333022,6000000
2981,7964467166,94580658171257,94580650084914,8333028,6000000
2982,7964475500,94580664204538,94580658417950,8333028,6000000
2983,7964483833,94580672594538,94580666751077,8333034,6000000
2984,7964492166,94580681125788,94580675084145,8333036,6000000
2985,7964500500,94580689804538,94580683418718,8333132,6000000
2986,7964508833,94580695917038,94580691752824,8333192,6000000
2987,7964517166,94580705002195,94580700086821,8333242,6000000
2988,7964525500,94580713512195,94580708419858,8333229,6000000
2989,7964533833,94580723912663,94580716754085,8333291,6000000
2990,7964542166,94580730262663,94580725087227,8333281,6000000
2991,7964550500,94580737577195,94580733420806,8333299,6000000
2992,7964558833,94580747023601,94580741754486,8333322,6000000
2993,7964567166,94580755446413,94580750086852,8333262,6000000
2994,7964575500,94580766111882,94580758418983,8333191,6000000
2995,7964583833,94580772117507,94580766752432,8333207,6000000
2996,7964592166,94580779628601,94580775086285,8333247,6000000
2997,7964600500,94580789039695,94580783420470,8333305,6000000
2998,7964608833,94580797457507,94580791754385,8333343,6000000
2999,7964617166,94580807932976,94580800087718,8333342,6000000
3000,7964625500,94580813907507,94580808420972,8333336,6000000
3001,7964633833,94580821614695,94580816754742,8333363,6000000
3002,7964642166,94580830892038,94580825086447,8333259,6000000
3003,7964650500,94580839874382,94580833431985,8334026,6000000
3004,7964658833,94580845758445,94580841763292,8333856,6000000
3005,7964667166,94580855228601,94580850095732,8333767,6000000
3006,7964675500,94580863513913,94580858427851,8333664,6000000
3007,7964683833,94580873825007,94580866761553,8333666,6000000
3008,7964692166,94580878327195,94580875092022,8333466,6000000
3009,7964700500,94580891822820,94580883425565,8333470,6000000
3010,7964708833,94580898078757,94580891758516,8333437,6000000
3011,7964717166,94580905618913,94580900092041,8333442,6000000
3012,7964725500,94580915918132,94580908422032,8333226,6000000
3013,7964733833,94580921801726,94580916755384,8333233,6000000
3014,7964742166,94580931222820,94580925087886,8333187,6000000
3015,7964750500,94580939544070,94580933419672,8333099,6000000
3016,7964758833,94580950196257,94580941750846,8332978,6000000
3017,7964767166,94580953917195,94580950085760,8333099,6000000
3018,7964775500,94580964383288,94580958418982,8333106,6000000
3019,7964783833,94580972142820,94580966751808,8333088,6000000
3020,7964908833,94581102847507,94581091745698,8332992,6000000
3021,7965275500,94581463122507,94581458424970,8333687,6000000
3022,7965283833,94581469221257,94581466758383,8333669,6000000
3023,7965300500,94581492072976,94581483420210,8333325,6000000
3024,7965308833,94581498359538,94581491753552,8333326,6000000
3025,7965317166,94581505283132,94581500081486,8332989,6000000
3026,7965325500,94581515751726,94581508414750,8333006,6000000
3027,7965333833,94581521652195,94581516745564,8332869,6000000
3028,7965342166,94581529732507,94581525078792,8332891,6000000
3029,7965350500,94581539325320,94581533411491,8332879,6000000
3030,7965358833,94581547953757,94581541743888,8332848,6000000
3031,7965367166,94581553769695,94581550075869,8332793,6000000
3032,7965375500,94581563181257,94581558408399,8332776,6000000
3033,7965383833,94581572141726,94581566740881,8332757,6000000
3034,7965392166,94581581141257,94581575074040,8332782,6000000
3035,7965400500,94581587459538,94581583407465,8332822,6000000
3036,7965408833,94581595714851,94581591740621,8332842,6000000
3037,7965417166,94581604949538,94581600074014,8332876,6000000
3038,7965425500,94581613777663,94581608407275,8332900,6000000
3039,7965433833,94581623055320,94581616740439,8332916,6000000
3040,7965442166,94581629371882,94581625073271,8332910,6000000
3041,7965450500,94581637840476,94581633406431,8332925,6000000
3042,7965458833,94581647428132,94581641739772,8332951,6000000
3043,7965467166,94581655841726,94581650072922,8332963,6000000
3044,7965475500,94581666451413,94581658405813,8332958,6000000
3045,7965483833,94581672407351,94581666739020,8332973,6000000
3046,7965492166,94581680079070,94581675071532,8332944,6000000
3047,7965500500,94581689383757,94581683404184,8332925,6000000
3048,7965508833,94581693892351,94581691738639,8333020,6000000
3049,7965517166,94581704295320,94581700073015,8333104,6000000
3050,7965525500,94581712482195,94581708406918,8333153,6000000
3051,7965533833,94581721853132,94581716739657,8333127,6000000
3052,7965542166,94581730884070,94581725072925,8333135,6000000
3053,7965550500,94581737903757,94581733406963,8333191,6000000
3054,7965558833,94581747175788,94581741740263,8333197,6000000
3055,7965567166,94581754991257,94581750072832,8333157,6000000
3056,7965575500,94581763726413,94581758404893,8333088,6000000
3057,7965583833,94581774256882,94581766738510,8333121,6000000
3058,7965592166,94581780229382,94581775072351,8333166,6000000
3059,7965600500,94581787704226,94581783405601,8333171,6000000
3060,7965608833,94581796984695,94581791738453,8333151,6000000
3061,7965617166,94581806327038,94581800071200,8333125,6000000
3062,7965625500,94581811739695,94581808405607,8333205,6000000
3063,7965633833,94581820852038,94581816738057,8333157,6000000
3064,7965642166,94581830383757,94581825071695,8333187,6000000
3065,7965650500,94581838886570,94581833404946,8333191,6000000
3066,7965658833,94581843274382,94581833404946,8333191,6000000
3067,7965675500,94581865891882,94581858405639,8333251,6000000
3068,7965683833,94581871399538,94581866737906,8333189,6000000
3069,7965692166,94581880955320,94581875071127,8333191,6000000
3070,7965700500,94581887395007,94581883404348,8333192,6000000
3071,7965708833,94581895231570,94581891740201,8333358,6000000
3072,7965717166,94581905069226,94581900073565,8333358,6000000
3073,7965725500,94581914560632,94581908407814,8333413,6000000
3074,7965733833,94581918335320,94581908407814,8333413,6000000
3075,7965742166,94581929065945,94581925071945,8333244,6000000
3076,7965750500,94581937099070,94581933405241,8333247,6000000
3077,7965758833,94581947128913,94581941737751,8333200,6000000
3078,7965767166,94581956218445,94581950069968,8333138,6000000
3079,7965775500,94581960695632,94581958403182,8333142,6000000
3080,7965783833,94581970910007,94581966733955,8332993,6000000
3081,7965792166,94581979184695,94581975067043,8332998,6000000
3082,7965800500,94581989941726,94581983403458,8333211,6000000
3083,7965808833,94581995688132,94581991736143,8333178,6000000
